problem_id,source,mode,sample_idx,is_defeasible,is_monotonic,is_intensional,n_new_rules,n_defeasible_rules,n_contrary_rules,valid,generalises
nixon_diamond_anon,symbolic,,-1,True,False,True,3,2,2,True,True
flies_anon,symbolic,,-1,True,False,True,2,1,1,True,True
tax_law_anon,symbolic,,-1,True,False,True,4,3,2,True,True
t1_mono_0000_anon,symbolic,,-1,False,True,True,1,0,0,True,True
t1_mono_0001_anon,symbolic,,-1,False,True,True,1,0,0,True,True
t1_mono_0002_anon,symbolic,,-1,False,True,True,1,0,0,True,True
t1_mono_0003_anon,symbolic,,-1,False,True,True,1,0,0,True,True
t1_mono_0004_anon,symbolic,,-1,False,True,True,1,0,0,True,True
t1_mono_0005_anon,symbolic,,-1,False,True,True,1,0,0,True,True
t1_mono_0006_anon,symbolic,,-1,False,True,True,1,0,0,True,True
t1_mono_0007_anon,symbolic,,-1,False,True,True,1,0,0,True,True
t1_mono_0008_anon,symbolic,,-1,False,True,True,1,0,0,True,True
t1_mono_0009_anon,symbolic,,-1,False,True,True,1,0,0,True,True
t1_mono_0010_anon,symbolic,,-1,False,True,True,1,0,0,True,True
t1_mono_0011_anon,symbolic,,-1,False,True,True,1,0,0,True,True
t1_mono_0012_anon,symbolic,,-1,False,True,True,1,0,0,True,True
t1_mono_0013_anon,symbolic,,-1,False,True,True,1,0,0,True,True
t1_mono_0014_anon,symbolic,,-1,False,True,True,1,0,0,True,True
t1_mono_0015_anon,symbolic,,-1,False,True,True,1,0,0,True,True
t1_mono_0016_anon,symbolic,,-1,False,True,True,1,0,0,True,True
t1_mono_0017_anon,symbolic,,-1,False,True,True,1,0,0,True,True
t1_mono_0018_anon,symbolic,,-1,False,True,True,1,0,0,True,True
t1_mono_0019_anon,symbolic,,-1,False,True,True,1,0,0,True,True
t2_defeas_0000_anon,symbolic,,-1,True,False,True,2,1,1,True,True
t2_defeas_0001_anon,symbolic,,-1,True,False,True,2,1,1,True,True
t2_defeas_0002_anon,symbolic,,-1,True,False,True,2,1,1,True,True
t2_defeas_0003_anon,symbolic,,-1,True,False,True,2,1,1,True,True
t2_defeas_0004_anon,symbolic,,-1,True,False,True,2,1,1,True,True
t2_defeas_0005_anon,symbolic,,-1,True,False,True,2,1,1,True,True
t2_defeas_0006_anon,symbolic,,-1,True,False,True,3,1,1,True,True
t2_defeas_0007_anon,symbolic,,-1,True,False,True,2,1,1,True,True
t2_defeas_0008_anon,symbolic,,-1,True,False,True,2,1,1,True,True
t2_defeas_0009_anon,symbolic,,-1,True,False,True,2,1,1,True,True
t2_defeas_0010_anon,symbolic,,-1,True,False,True,2,1,1,True,True
t2_defeas_0011_anon,symbolic,,-1,True,False,True,2,1,1,True,True
t2_defeas_0012_anon,symbolic,,-1,True,False,True,2,1,1,True,True
t2_defeas_0013_anon,symbolic,,-1,False,True,True,1,0,0,True,True
t2_defeas_0014_anon,symbolic,,-1,True,False,True,2,1,1,True,True
t2_defeas_0015_anon,symbolic,,-1,True,False,True,2,1,1,True,True
t2_defeas_0016_anon,symbolic,,-1,True,False,True,2,1,1,True,True
t2_defeas_0017_anon,symbolic,,-1,True,False,True,2,1,1,True,True
t2_defeas_0018_anon,symbolic,,-1,True,False,True,2,1,1,True,True
t2_defeas_0019_anon,symbolic,,-1,True,False,True,2,1,1,True,True
t3_noise_0000_anon,symbolic,,-1,True,False,True,2,1,1,True,True
t3_noise_0001_anon,symbolic,,-1,True,False,True,2,1,1,True,True
t3_noise_0002_anon,symbolic,,-1,True,False,True,2,1,1,True,True
t3_noise_0003_anon,symbolic,,-1,True,False,True,3,1,1,True,True
t3_noise_0004_anon,symbolic,,-1,True,False,True,2,1,1,True,True
t3_noise_0005_anon,symbolic,,-1,True,False,True,2,1,1,True,True
t3_noise_0006_anon,symbolic,,-1,True,False,True,2,1,1,True,True
t3_noise_0007_anon,symbolic,,-1,True,False,True,3,1,1,True,True
t3_noise_0008_anon,symbolic,,-1,False,True,True,1,0,0,True,True
t3_noise_0009_anon,symbolic,,-1,True,False,True,2,1,1,True,True
t3_noise_0010_anon,symbolic,,-1,True,False,True,2,1,1,True,True
t3_noise_0011_anon,symbolic,,-1,True,False,True,3,1,1,True,True
t3_noise_0012_anon,symbolic,,-1,True,False,True,2,1,1,True,True
t3_noise_0013_anon,symbolic,,-1,True,False,True,2,1,1,True,True
t3_noise_0014_anon,symbolic,,-1,True,False,True,3,1,1,True,True
t3_noise_0015_anon,symbolic,,-1,True,False,True,2,1,1,True,True
t3_noise_0016_anon,symbolic,,-1,True,False,True,2,1,1,True,True
t3_noise_0017_anon,symbolic,,-1,True,False,True,2,1,1,True,True
t3_noise_0018_anon,symbolic,,-1,True,False,True,2,1,1,True,True
t3_noise_0019_anon,symbolic,,-1,True,False,True,3,1,1,True,True
t4_domain_0000_anon,symbolic,,-1,True,False,True,2,1,1,True,True
t4_domain_0001_anon,symbolic,,-1,True,False,True,2,1,1,True,True
t4_domain_0002_anon,symbolic,,-1,True,False,True,2,1,1,True,True
t4_domain_0003_anon,symbolic,,-1,True,False,True,2,1,1,True,True
t4_domain_0004_anon,symbolic,,-1,True,False,True,2,1,1,True,True
t4_domain_0005_anon,symbolic,,-1,True,False,True,2,1,1,True,True
t4_domain_0006_anon,symbolic,,-1,True,False,True,2,1,1,True,True
t4_domain_0007_anon,symbolic,,-1,True,False,True,2,1,1,True,True
t4_domain_0008_anon,symbolic,,-1,True,False,True,3,1,1,True,True
t4_domain_0009_anon,symbolic,,-1,True,False,True,2,1,1,True,True
t4_domain_0010_anon,symbolic,,-1,True,False,True,2,1,1,True,True
t4_domain_0011_anon,symbolic,,-1,True,False,True,2,1,1,True,True
t4_domain_0012_anon,symbolic,,-1,True,False,True,2,1,1,True,True
t4_domain_0013_anon,symbolic,,-1,True,False,True,3,1,1,True,True
t4_domain_0014_anon,symbolic,,-1,True,False,True,2,1,1,True,True
t4_domain_0015_anon,symbolic,,-1,True,False,True,2,1,1,True,True
t4_domain_0016_anon,symbolic,,-1,True,False,True,2,1,1,True,True
t4_domain_0017_anon,symbolic,,-1,True,False,True,2,1,1,True,True
t4_domain_0018_anon,symbolic,,-1,True,False,True,2,1,1,True,True
t4_domain_0019_anon,symbolic,,-1,True,False,True,2,1,1,True,True
t5_twopath_0000_anon,symbolic,,-1,True,False,True,4,2,2,True,True
t5_twopath_0001_anon,symbolic,,-1,True,False,True,4,2,2,True,True
t5_twopath_0002_anon,symbolic,,-1,True,False,True,4,2,2,True,True
t5_twopath_0003_anon,symbolic,,-1,True,False,True,4,2,2,True,True
t5_twopath_0004_anon,symbolic,,-1,True,False,True,4,2,2,True,True
t5_twopath_0005_anon,symbolic,,-1,True,False,True,4,2,2,True,True
t5_twopath_0006_anon,symbolic,,-1,True,False,True,4,2,2,True,True
t5_twopath_0007_anon,symbolic,,-1,True,False,True,4,2,2,True,True
t5_twopath_0008_anon,symbolic,,-1,True,False,True,4,2,2,True,True
t5_twopath_0009_anon,symbolic,,-1,True,False,True,4,2,2,True,True
t5_twopath_0010_anon,symbolic,,-1,True,False,True,4,2,2,True,True
t5_twopath_0011_anon,symbolic,,-1,True,False,True,4,2,2,True,True
t5_twopath_0012_anon,symbolic,,-1,True,False,True,4,2,2,True,True
t5_twopath_0013_anon,symbolic,,-1,True,False,True,4,2,2,True,True
t5_twopath_0014_anon,symbolic,,-1,True,False,True,4,2,2,True,True
t5_twopath_0015_anon,symbolic,,-1,True,False,True,4,2,2,True,True
t5_twopath_0016_anon,symbolic,,-1,True,False,True,4,2,2,True,True
t5_twopath_0017_anon,symbolic,,-1,True,False,True,4,2,2,True,True
t5_twopath_0018_anon,symbolic,,-1,True,False,True,4,2,2,True,True
t5_twopath_0019_anon,symbolic,,-1,True,False,True,4,2,2,True,True
nixon_diamond_anon,qwen2.5-3b,direct,0,True,False,True,1,1,0,False,False
nixon_diamond_anon,qwen2.5-3b,direct,1,True,False,True,1,1,0,False,False
nixon_diamond_anon,qwen2.5-3b,direct,2,True,False,True,1,1,0,False,False
flies_anon,qwen2.5-3b,direct,0,False,True,True,1,0,0,False,False
flies_anon,qwen2.5-3b,direct,1,True,False,True,1,1,1,False,False
flies_anon,qwen2.5-3b,direct,2,True,False,True,1,1,0,True,True
tax_law_anon,qwen2.5-3b,direct,0,False,True,False,1,0,0,True,False
tax_law_anon,qwen2.5-3b,direct,1,True,False,False,1,1,0,True,False
tax_law_anon,qwen2.5-3b,direct,2,True,False,False,1,1,0,True,False
t1_mono_0000_anon,qwen2.5-3b,direct,0,False,True,False,2,0,2,False,False
t1_mono_0000_anon,qwen2.5-3b,direct,1,False,True,True,1,0,0,False,False
t1_mono_0000_anon,qwen2.5-3b,direct,2,False,True,True,1,0,0,False,False
t1_mono_0001_anon,qwen2.5-3b,direct,0,True,False,True,1,1,0,False,False
t1_mono_0001_anon,qwen2.5-3b,direct,1,True,False,False,2,2,0,False,False
t1_mono_0001_anon,qwen2.5-3b,direct,2,True,False,False,2,2,0,True,False
t1_mono_0002_anon,qwen2.5-3b,direct,0,True,False,False,2,2,2,False,False
t1_mono_0002_anon,qwen2.5-3b,direct,1,False,True,False,2,0,0,False,False
t1_mono_0002_anon,qwen2.5-3b,direct,2,False,True,True,1,0,1,False,False
t1_mono_0003_anon,qwen2.5-3b,direct,0,True,False,False,2,2,0,True,False
t1_mono_0003_anon,qwen2.5-3b,direct,1,False,True,True,1,0,1,False,False
t1_mono_0003_anon,qwen2.5-3b,direct,2,True,False,False,2,2,0,True,False
t1_mono_0004_anon,qwen2.5-3b,direct,0,True,False,True,1,1,0,False,False
t1_mono_0004_anon,qwen2.5-3b,direct,1,True,False,False,2,2,0,True,False
t1_mono_0004_anon,qwen2.5-3b,direct,2,False,True,True,1,0,0,False,False
t1_mono_0005_anon,qwen2.5-3b,direct,0,False,True,True,1,0,0,False,False
t1_mono_0005_anon,qwen2.5-3b,direct,1,False,True,False,3,0,0,False,False
t1_mono_0005_anon,qwen2.5-3b,direct,2,False,True,True,1,0,0,False,False
t1_mono_0006_anon,qwen2.5-3b,direct,0,True,False,True,1,1,1,False,False
t1_mono_0006_anon,qwen2.5-3b,direct,1,True,False,True,1,1,0,False,False
t1_mono_0006_anon,qwen2.5-3b,direct,2,True,False,True,1,1,0,False,False
t1_mono_0007_anon,qwen2.5-3b,direct,0,True,False,False,2,2,0,True,False
t1_mono_0007_anon,qwen2.5-3b,direct,1,True,False,False,2,2,2,False,False
t1_mono_0007_anon,qwen2.5-3b,direct,2,True,False,True,1,1,0,False,False
t1_mono_0008_anon,qwen2.5-3b,direct,0,True,False,False,2,2,0,True,False
t1_mono_0008_anon,qwen2.5-3b,direct,1,False,True,True,1,0,0,False,False
t1_mono_0008_anon,qwen2.5-3b,direct,2,True,False,False,2,2,2,False,False
t1_mono_0009_anon,qwen2.5-3b,direct,0,False,True,False,2,0,0,False,False
t1_mono_0009_anon,qwen2.5-3b,direct,1,True,False,True,1,1,0,False,False
t1_mono_0009_anon,qwen2.5-3b,direct,2,False,True,False,2,0,0,False,False
t1_mono_0010_anon,qwen2.5-3b,direct,0,True,False,False,2,2,2,False,False
t1_mono_0010_anon,qwen2.5-3b,direct,1,True,False,False,2,2,2,False,False
t1_mono_0010_anon,qwen2.5-3b,direct,2,True,False,False,2,2,0,True,False
t1_mono_0011_anon,qwen2.5-3b,direct,0,True,False,False,2,2,0,True,False
t1_mono_0011_anon,qwen2.5-3b,direct,1,True,False,False,2,2,2,False,False
t1_mono_0011_anon,qwen2.5-3b,direct,2,True,False,False,2,2,0,True,False
t1_mono_0012_anon,qwen2.5-3b,direct,0,True,False,True,1,1,0,False,False
t1_mono_0012_anon,qwen2.5-3b,direct,1,True,False,True,1,1,1,False,False
t1_mono_0012_anon,qwen2.5-3b,direct,2,False,True,False,2,0,0,False,False
t1_mono_0013_anon,qwen2.5-3b,direct,0,False,True,True,1,0,0,False,False
t1_mono_0013_anon,qwen2.5-3b,direct,1,True,False,True,1,1,1,False,False
t1_mono_0013_anon,qwen2.5-3b,direct,2,True,False,False,2,2,0,True,False
t1_mono_0014_anon,qwen2.5-3b,direct,0,False,True,True,2,0,0,False,False
t1_mono_0014_anon,qwen2.5-3b,direct,1,False,True,False,2,0,0,False,False
t1_mono_0014_anon,qwen2.5-3b,direct,2,False,True,True,1,0,0,False,False
t1_mono_0015_anon,qwen2.5-3b,direct,0,True,False,False,2,2,2,False,False
t1_mono_0015_anon,qwen2.5-3b,direct,1,True,False,False,2,2,0,True,False
t1_mono_0015_anon,qwen2.5-3b,direct,2,False,True,True,1,0,0,False,False
t1_mono_0016_anon,qwen2.5-3b,direct,0,True,False,False,2,2,0,False,False
t1_mono_0016_anon,qwen2.5-3b,direct,1,True,False,False,2,2,0,False,False
t1_mono_0016_anon,qwen2.5-3b,direct,2,False,True,True,1,0,0,False,False
t1_mono_0017_anon,qwen2.5-3b,direct,0,True,False,True,1,1,0,False,False
t1_mono_0017_anon,qwen2.5-3b,direct,1,True,False,False,2,2,0,True,False
t1_mono_0017_anon,qwen2.5-3b,direct,2,False,True,True,1,0,0,False,False
t1_mono_0018_anon,qwen2.5-3b,direct,0,True,False,False,2,2,0,True,False
t1_mono_0018_anon,qwen2.5-3b,direct,1,False,True,False,2,0,0,False,False
t1_mono_0018_anon,qwen2.5-3b,direct,2,False,True,True,1,0,0,False,False
t1_mono_0019_anon,qwen2.5-3b,direct,0,True,False,True,1,1,1,False,False
t1_mono_0019_anon,qwen2.5-3b,direct,1,True,False,True,1,1,0,False,False
t1_mono_0019_anon,qwen2.5-3b,direct,2,True,False,True,1,1,0,False,False
t2_defeas_0000_anon,qwen2.5-3b,direct,0,True,False,True,1,1,0,False,False
t2_defeas_0000_anon,qwen2.5-3b,direct,1,True,False,True,1,1,0,False,False
t2_defeas_0000_anon,qwen2.5-3b,direct,2,False,True,True,1,0,0,False,False
t2_defeas_0001_anon,qwen2.5-3b,direct,0,True,False,False,2,2,0,False,False
t2_defeas_0001_anon,qwen2.5-3b,direct,1,False,True,True,1,0,0,False,False
t2_defeas_0001_anon,qwen2.5-3b,direct,2,False,True,True,1,0,0,False,False
t2_defeas_0002_anon,qwen2.5-3b,direct,0,False,True,False,2,0,0,False,False
t2_defeas_0002_anon,qwen2.5-3b,direct,1,False,True,True,1,0,0,False,False
t2_defeas_0002_anon,qwen2.5-3b,direct,2,False,True,True,1,0,0,False,False
t2_defeas_0003_anon,qwen2.5-3b,direct,0,False,True,False,2,0,0,False,False
t2_defeas_0003_anon,qwen2.5-3b,direct,1,True,False,False,2,2,0,True,False
t2_defeas_0003_anon,qwen2.5-3b,direct,2,False,True,False,2,0,2,False,False
t2_defeas_0004_anon,qwen2.5-3b,direct,0,False,True,True,1,0,0,False,False
t2_defeas_0004_anon,qwen2.5-3b,direct,1,False,True,True,1,0,0,False,False
t2_defeas_0004_anon,qwen2.5-3b,direct,2,False,True,True,1,0,0,False,False
t2_defeas_0005_anon,qwen2.5-3b,direct,0,False,True,True,1,0,0,False,False
t2_defeas_0005_anon,qwen2.5-3b,direct,1,True,False,True,1,1,0,False,False
t2_defeas_0005_anon,qwen2.5-3b,direct,2,False,True,True,1,0,0,False,False
t2_defeas_0006_anon,qwen2.5-3b,direct,0,False,True,False,2,0,0,False,False
t2_defeas_0006_anon,qwen2.5-3b,direct,1,True,False,False,2,2,0,True,False
t2_defeas_0006_anon,qwen2.5-3b,direct,2,False,True,False,2,0,0,False,False
t2_defeas_0007_anon,qwen2.5-3b,direct,0,True,False,False,2,2,0,True,False
t2_defeas_0007_anon,qwen2.5-3b,direct,1,False,True,True,1,0,0,False,False
t2_defeas_0007_anon,qwen2.5-3b,direct,2,True,False,True,1,1,0,False,False
t2_defeas_0008_anon,qwen2.5-3b,direct,0,False,True,True,1,0,0,False,False
t2_defeas_0008_anon,qwen2.5-3b,direct,1,False,True,False,2,0,0,False,False
t2_defeas_0008_anon,qwen2.5-3b,direct,2,False,True,True,1,0,0,False,False
t2_defeas_0009_anon,qwen2.5-3b,direct,0,False,True,True,1,0,0,False,False
t2_defeas_0009_anon,qwen2.5-3b,direct,1,False,True,True,1,0,0,False,False
t2_defeas_0009_anon,qwen2.5-3b,direct,2,True,False,True,1,1,0,False,False
t2_defeas_0010_anon,qwen2.5-3b,direct,0,False,True,True,1,0,0,False,False
t2_defeas_0010_anon,qwen2.5-3b,direct,1,False,True,True,1,0,0,False,False
t2_defeas_0010_anon,qwen2.5-3b,direct,2,False,True,True,1,0,0,False,False
t2_defeas_0011_anon,qwen2.5-3b,direct,0,True,False,False,2,2,0,True,False
t2_defeas_0011_anon,qwen2.5-3b,direct,1,False,True,True,1,0,0,False,False
t2_defeas_0011_anon,qwen2.5-3b,direct,2,True,False,False,2,2,0,False,False
t2_defeas_0012_anon,qwen2.5-3b,direct,0,False,True,True,1,0,0,False,False
t2_defeas_0012_anon,qwen2.5-3b,direct,1,False,True,True,1,0,0,False,False
t2_defeas_0012_anon,qwen2.5-3b,direct,2,False,True,True,1,0,0,False,False
t2_defeas_0013_anon,qwen2.5-3b,direct,0,True,False,False,2,2,0,False,False
t2_defeas_0013_anon,qwen2.5-3b,direct,1,True,False,False,2,2,0,False,False
t2_defeas_0013_anon,qwen2.5-3b,direct,2,True,False,False,2,2,2,False,False
t2_defeas_0014_anon,qwen2.5-3b,direct,0,False,True,False,2,0,0,False,False
t2_defeas_0014_anon,qwen2.5-3b,direct,1,False,True,True,1,0,0,False,False
t2_defeas_0014_anon,qwen2.5-3b,direct,2,False,True,True,1,0,0,False,False
t2_defeas_0015_anon,qwen2.5-3b,direct,0,False,True,False,2,0,0,False,False
t2_defeas_0015_anon,qwen2.5-3b,direct,1,False,True,False,2,0,0,False,False
t2_defeas_0015_anon,qwen2.5-3b,direct,2,False,True,False,2,0,0,False,False
t2_defeas_0016_anon,qwen2.5-3b,direct,0,False,True,False,2,0,0,False,False
t2_defeas_0016_anon,qwen2.5-3b,direct,1,True,False,False,2,2,0,True,False
t2_defeas_0016_anon,qwen2.5-3b,direct,2,False,True,False,2,0,0,False,False
t2_defeas_0017_anon,qwen2.5-3b,direct,0,True,False,False,2,2,0,False,False
t2_defeas_0017_anon,qwen2.5-3b,direct,1,False,True,True,1,0,0,False,False
t2_defeas_0017_anon,qwen2.5-3b,direct,2,False,True,True,2,0,0,False,False
t2_defeas_0018_anon,qwen2.5-3b,direct,0,False,True,True,2,0,0,False,False
t2_defeas_0018_anon,qwen2.5-3b,direct,1,False,True,True,1,0,0,False,False
t2_defeas_0018_anon,qwen2.5-3b,direct,2,False,True,True,1,0,0,False,False
t2_defeas_0019_anon,qwen2.5-3b,direct,0,True,False,True,1,1,0,False,False
t2_defeas_0019_anon,qwen2.5-3b,direct,1,True,False,True,1,1,0,False,False
t2_defeas_0019_anon,qwen2.5-3b,direct,2,True,False,False,2,2,0,True,False
t3_noise_0000_anon,qwen2.5-3b,direct,0,False,True,False,2,0,0,False,False
t3_noise_0000_anon,qwen2.5-3b,direct,1,True,False,True,1,1,0,False,False
t3_noise_0000_anon,qwen2.5-3b,direct,2,False,True,True,1,0,0,False,False
t3_noise_0001_anon,qwen2.5-3b,direct,0,False,True,True,1,0,0,False,False
t3_noise_0001_anon,qwen2.5-3b,direct,1,True,False,True,1,1,0,False,False
t3_noise_0001_anon,qwen2.5-3b,direct,2,False,True,False,2,0,0,False,False
t3_noise_0002_anon,qwen2.5-3b,direct,0,False,True,False,2,0,0,False,False
t3_noise_0002_anon,qwen2.5-3b,direct,1,False,True,False,2,0,0,False,False
t3_noise_0002_anon,qwen2.5-3b,direct,2,False,True,False,2,0,0,False,False
t3_noise_0003_anon,qwen2.5-3b,direct,0,True,False,True,1,1,0,False,False
t3_noise_0003_anon,qwen2.5-3b,direct,1,False,True,True,1,0,0,False,False
t3_noise_0003_anon,qwen2.5-3b,direct,2,False,True,False,2,0,0,False,False
t3_noise_0004_anon,qwen2.5-3b,direct,0,False,True,True,1,0,0,False,False
t3_noise_0004_anon,qwen2.5-3b,direct,1,False,True,False,2,0,0,False,False
t3_noise_0004_anon,qwen2.5-3b,direct,2,False,True,True,1,0,0,False,False
t3_noise_0005_anon,qwen2.5-3b,direct,0,False,True,True,1,0,0,False,False
t3_noise_0005_anon,qwen2.5-3b,direct,1,False,True,True,1,0,0,False,False
t3_noise_0005_anon,qwen2.5-3b,direct,2,True,False,True,1,1,0,False,False
t3_noise_0006_anon,qwen2.5-3b,direct,0,True,False,True,1,1,0,False,False
t3_noise_0006_anon,qwen2.5-3b,direct,1,True,False,True,1,1,0,False,False
t3_noise_0006_anon,qwen2.5-3b,direct,2,False,True,True,1,0,0,False,False
t3_noise_0007_anon,qwen2.5-3b,direct,0,False,True,True,1,0,0,False,False
t3_noise_0007_anon,qwen2.5-3b,direct,1,True,False,True,1,1,0,False,False
t3_noise_0007_anon,qwen2.5-3b,direct,2,False,True,True,2,0,0,False,False
t3_noise_0008_anon,qwen2.5-3b,direct,0,False,True,True,1,0,0,False,False
t3_noise_0008_anon,qwen2.5-3b,direct,1,False,True,True,1,0,0,False,False
t3_noise_0008_anon,qwen2.5-3b,direct,2,True,False,True,1,1,0,False,False
t3_noise_0009_anon,qwen2.5-3b,direct,0,False,True,True,1,0,0,False,False
t3_noise_0009_anon,qwen2.5-3b,direct,1,False,True,True,1,0,0,False,False
t3_noise_0009_anon,qwen2.5-3b,direct,2,False,True,True,1,0,0,False,False
t3_noise_0010_anon,qwen2.5-3b,direct,0,False,True,False,2,0,0,False,False
t3_noise_0010_anon,qwen2.5-3b,direct,1,False,True,False,2,0,0,False,False
t3_noise_0010_anon,qwen2.5-3b,direct,2,True,False,False,2,2,0,False,False
t3_noise_0011_anon,qwen2.5-3b,direct,0,True,False,True,1,1,0,False,False
t3_noise_0011_anon,qwen2.5-3b,direct,1,False,True,True,1,0,0,False,False
t3_noise_0011_anon,qwen2.5-3b,direct,2,False,True,True,1,0,0,False,False
t3_noise_0012_anon,qwen2.5-3b,direct,0,False,True,True,1,0,0,False,False
t3_noise_0012_anon,qwen2.5-3b,direct,1,False,True,True,1,0,0,False,False
t3_noise_0012_anon,qwen2.5-3b,direct,2,False,True,True,1,0,0,False,False
t3_noise_0013_anon,qwen2.5-3b,direct,0,False,True,True,1,0,0,False,False
t3_noise_0013_anon,qwen2.5-3b,direct,1,False,True,False,2,0,0,False,False
t3_noise_0013_anon,qwen2.5-3b,direct,2,False,True,False,2,0,0,False,False
t3_noise_0014_anon,qwen2.5-3b,direct,0,False,True,True,1,0,0,False,False
t3_noise_0014_anon,qwen2.5-3b,direct,1,False,True,True,1,0,0,False,False
t3_noise_0014_anon,qwen2.5-3b,direct,2,False,True,True,1,0,0,False,True
t3_noise_0015_anon,qwen2.5-3b,direct,0,False,True,False,2,0,0,True,False
t3_noise_0015_anon,qwen2.5-3b,direct,1,False,True,False,2,0,0,False,False
t3_noise_0015_anon,qwen2.5-3b,direct,2,False,True,False,2,0,0,False,False
t3_noise_0016_anon,qwen2.5-3b,direct,0,False,True,True,1,0,0,False,False
t3_noise_0016_anon,qwen2.5-3b,direct,1,False,True,True,1,0,0,False,True
t3_noise_0016_anon,qwen2.5-3b,direct,2,False,True,True,1,0,0,False,False
t3_noise_0017_anon,qwen2.5-3b,direct,0,False,True,True,1,0,0,False,False
t3_noise_0017_anon,qwen2.5-3b,direct,1,False,True,True,1,0,0,False,False
t3_noise_0017_anon,qwen2.5-3b,direct,2,True,False,True,1,1,0,False,False
t3_noise_0018_anon,qwen2.5-3b,direct,0,False,True,True,1,0,0,False,False
t3_noise_0018_anon,qwen2.5-3b,direct,1,False,True,True,1,0,0,False,False
t3_noise_0018_anon,qwen2.5-3b,direct,2,False,True,True,1,0,0,False,False
t3_noise_0019_anon,qwen2.5-3b,direct,0,False,True,False,2,0,0,False,False
t3_noise_0019_anon,qwen2.5-3b,direct,1,False,True,True,1,0,0,False,False
t3_noise_0019_anon,qwen2.5-3b,direct,2,False,True,True,1,0,0,False,False
t4_domain_0000_anon,qwen2.5-3b,direct,0,False,True,True,1,0,0,False,False
t4_domain_0000_anon,qwen2.5-3b,direct,1,False,True,False,3,0,0,False,False
t4_domain_0000_anon,qwen2.5-3b,direct,2,False,True,True,1,0,0,False,False
t4_domain_0001_anon,qwen2.5-3b,direct,0,True,False,True,1,1,0,False,False
t4_domain_0001_anon,qwen2.5-3b,direct,1,True,False,True,1,1,0,False,False
t4_domain_0001_anon,qwen2.5-3b,direct,2,False,True,True,1,0,0,False,False
t4_domain_0002_anon,qwen2.5-3b,direct,0,False,True,True,3,0,0,False,False
t4_domain_0002_anon,qwen2.5-3b,direct,1,False,True,True,1,0,0,False,False
t4_domain_0002_anon,qwen2.5-3b,direct,2,False,True,True,1,0,0,False,False
t4_domain_0003_anon,qwen2.5-3b,direct,0,True,False,True,1,1,0,False,False
t4_domain_0003_anon,qwen2.5-3b,direct,1,True,False,True,1,1,0,False,False
t4_domain_0003_anon,qwen2.5-3b,direct,2,False,True,True,1,0,0,False,False
t4_domain_0004_anon,qwen2.5-3b,direct,0,True,False,True,1,1,0,False,False
t4_domain_0004_anon,qwen2.5-3b,direct,1,True,False,True,1,1,0,False,False
t4_domain_0005_anon,qwen2.5-3b,direct,0,False,True,True,1,0,0,False,False
t4_domain_0005_anon,qwen2.5-3b,direct,1,False,True,True,1,0,0,False,False
t4_domain_0005_anon,qwen2.5-3b,direct,2,True,False,True,1,1,0,False,False
t4_domain_0006_anon,qwen2.5-3b,direct,0,True,False,True,1,1,1,False,False
t4_domain_0006_anon,qwen2.5-3b,direct,1,False,True,True,1,0,0,False,False
t4_domain_0006_anon,qwen2.5-3b,direct,2,False,True,True,1,0,0,False,False
t4_domain_0007_anon,qwen2.5-3b,direct,0,True,False,True,1,1,0,False,False
t4_domain_0007_anon,qwen2.5-3b,direct,1,True,False,True,1,1,0,False,False
t4_domain_0007_anon,qwen2.5-3b,direct,2,False,True,True,1,0,0,False,False
t4_domain_0008_anon,qwen2.5-3b,direct,0,False,True,True,1,0,0,False,False
t4_domain_0008_anon,qwen2.5-3b,direct,1,False,True,True,1,0,0,False,False
t4_domain_0008_anon,qwen2.5-3b,direct,2,False,True,False,3,0,0,False,False
t4_domain_0009_anon,qwen2.5-3b,direct,0,False,True,True,1,0,0,False,False
t4_domain_0009_anon,qwen2.5-3b,direct,1,True,False,True,1,1,0,False,False
t4_domain_0009_anon,qwen2.5-3b,direct,2,False,True,True,1,0,0,False,False
t4_domain_0010_anon,qwen2.5-3b,direct,0,True,False,True,1,1,0,False,False
t4_domain_0010_anon,qwen2.5-3b,direct,1,False,True,True,1,0,0,False,False
t4_domain_0010_anon,qwen2.5-3b,direct,2,True,False,True,1,1,0,False,False
t4_domain_0011_anon,qwen2.5-3b,direct,0,False,True,True,3,0,0,False,False
t4_domain_0011_anon,qwen2.5-3b,direct,1,True,False,True,1,1,0,False,False
t4_domain_0011_anon,qwen2.5-3b,direct,2,False,True,True,1,0,0,False,False
t4_domain_0012_anon,qwen2.5-3b,direct,0,False,True,True,1,0,0,False,False
t4_domain_0012_anon,qwen2.5-3b,direct,1,True,False,True,1,1,0,False,False
t4_domain_0012_anon,qwen2.5-3b,direct,2,False,True,True,1,0,0,False,False
t4_domain_0013_anon,qwen2.5-3b,direct,0,False,True,True,1,0,0,False,False
t4_domain_0013_anon,qwen2.5-3b,direct,1,True,False,True,1,1,0,False,False
t4_domain_0013_anon,qwen2.5-3b,direct,2,False,True,True,1,0,0,False,False
t4_domain_0014_anon,qwen2.5-3b,direct,0,False,True,True,1,0,0,False,False
t4_domain_0014_anon,qwen2.5-3b,direct,1,False,True,True,1,0,0,False,False
t4_domain_0014_anon,qwen2.5-3b,direct,2,False,True,True,1,0,0,False,False
t4_domain_0015_anon,qwen2.5-3b,direct,0,True,False,True,1,1,1,False,False
t4_domain_0015_anon,qwen2.5-3b,direct,1,True,False,True,1,1,0,False,False
t4_domain_0015_anon,qwen2.5-3b,direct,2,True,False,True,1,1,0,False,False
t4_domain_0016_anon,qwen2.5-3b,direct,0,True,False,True,1,1,0,False,False
t4_domain_0016_anon,qwen2.5-3b,direct,1,False,True,True,1,0,0,False,False
t4_domain_0016_anon,qwen2.5-3b,direct,2,True,False,True,1,1,0,False,False
t4_domain_0017_anon,qwen2.5-3b,direct,0,False,True,True,1,0,0,False,False
t4_domain_0017_anon,qwen2.5-3b,direct,1,False,True,True,1,0,0,False,False
t4_domain_0017_anon,qwen2.5-3b,direct,2,False,True,True,1,0,0,False,False
t4_domain_0018_anon,qwen2.5-3b,direct,0,False,True,True,1,0,0,False,False
t4_domain_0018_anon,qwen2.5-3b,direct,1,False,True,True,1,0,0,False,False
t4_domain_0018_anon,qwen2.5-3b,direct,2,True,False,True,1,1,0,False,False
t4_domain_0019_anon,qwen2.5-3b,direct,0,False,True,True,1,0,0,False,False
t4_domain_0019_anon,qwen2.5-3b,direct,1,True,False,True,1,1,0,False,False
t4_domain_0019_anon,qwen2.5-3b,direct,2,False,True,True,1,0,0,False,False
t5_twopath_0000_anon,qwen2.5-3b,direct,0,True,False,True,1,1,0,False,False
t5_twopath_0000_anon,qwen2.5-3b,direct,1,False,True,True,1,0,0,False,False
t5_twopath_0000_anon,qwen2.5-3b,direct,2,False,True,True,1,0,0,False,False
t5_twopath_0001_anon,qwen2.5-3b,direct,0,False,True,True,1,0,0,False,False
t5_twopath_0001_anon,qwen2.5-3b,direct,1,False,True,False,3,0,0,False,False
t5_twopath_0001_anon,qwen2.5-3b,direct,2,True,False,False,3,3,0,True,False
t5_twopath_0002_anon,qwen2.5-3b,direct,0,True,False,True,1,1,0,False,True
t5_twopath_0002_anon,qwen2.5-3b,direct,1,False,True,True,1,0,0,False,True
t5_twopath_0002_anon,qwen2.5-3b,direct,2,True,False,True,1,1,0,False,True
t5_twopath_0003_anon,qwen2.5-3b,direct,0,False,True,True,1,0,0,False,False
t5_twopath_0003_anon,qwen2.5-3b,direct,1,False,True,True,1,0,0,False,False
t5_twopath_0003_anon,qwen2.5-3b,direct,2,False,True,False,3,0,0,False,False
t5_twopath_0004_anon,qwen2.5-3b,direct,0,False,True,True,1,0,0,False,False
t5_twopath_0004_anon,qwen2.5-3b,direct,1,False,True,True,1,0,0,False,False
t5_twopath_0004_anon,qwen2.5-3b,direct,2,False,True,True,1,0,0,False,False
t5_twopath_0005_anon,qwen2.5-3b,direct,0,True,False,False,3,3,0,False,False
t5_twopath_0005_anon,qwen2.5-3b,direct,1,False,True,True,1,0,0,False,False
t5_twopath_0005_anon,qwen2.5-3b,direct,2,True,False,True,1,1,0,False,True
t5_twopath_0006_anon,qwen2.5-3b,direct,0,True,False,False,3,3,0,True,False
t5_twopath_0006_anon,qwen2.5-3b,direct,1,True,False,False,5,5,0,False,False
t5_twopath_0006_anon,qwen2.5-3b,direct,2,False,True,True,1,0,0,False,False
t5_twopath_0007_anon,qwen2.5-3b,direct,0,False,True,True,1,0,0,False,False
t5_twopath_0007_anon,qwen2.5-3b,direct,1,False,True,True,1,0,0,False,False
t5_twopath_0007_anon,qwen2.5-3b,direct,2,True,False,True,1,1,0,False,False
t5_twopath_0008_anon,qwen2.5-3b,direct,0,True,False,False,8,1,0,False,False
t5_twopath_0008_anon,qwen2.5-3b,direct,1,False,True,True,1,0,0,False,False
t5_twopath_0008_anon,qwen2.5-3b,direct,2,False,True,False,3,0,0,False,False
t5_twopath_0009_anon,qwen2.5-3b,direct,0,True,False,False,3,3,0,False,False
t5_twopath_0009_anon,qwen2.5-3b,direct,1,False,True,True,1,0,0,False,False
t5_twopath_0009_anon,qwen2.5-3b,direct,2,False,True,True,1,0,0,False,False
t5_twopath_0010_anon,qwen2.5-3b,direct,0,False,True,True,1,0,0,False,False
t5_twopath_0010_anon,qwen2.5-3b,direct,1,False,True,True,1,0,0,False,False
t5_twopath_0010_anon,qwen2.5-3b,direct,2,True,False,True,1,1,0,False,False
t5_twopath_0011_anon,qwen2.5-3b,direct,0,False,True,True,1,0,0,False,False
t5_twopath_0011_anon,qwen2.5-3b,direct,1,False,True,False,3,0,0,False,False
t5_twopath_0011_anon,qwen2.5-3b,direct,2,False,True,False,3,0,0,False,False
t5_twopath_0012_anon,qwen2.5-3b,direct,0,False,True,False,3,0,0,False,False
t5_twopath_0012_anon,qwen2.5-3b,direct,1,False,True,True,1,0,0,False,False
t5_twopath_0012_anon,qwen2.5-3b,direct,2,False,True,False,3,0,0,False,False
t5_twopath_0013_anon,qwen2.5-3b,direct,0,False,True,True,1,0,0,False,False
t5_twopath_0013_anon,qwen2.5-3b,direct,1,False,True,True,1,0,0,False,False
t5_twopath_0013_anon,qwen2.5-3b,direct,2,False,True,True,1,0,0,False,False
t5_twopath_0014_anon,qwen2.5-3b,direct,0,True,False,True,1,1,0,False,False
t5_twopath_0014_anon,qwen2.5-3b,direct,1,False,True,False,3,0,0,True,False
t5_twopath_0014_anon,qwen2.5-3b,direct,2,False,True,True,1,0,0,False,False
t5_twopath_0015_anon,qwen2.5-3b,direct,0,True,False,True,6,6,0,False,False
t5_twopath_0015_anon,qwen2.5-3b,direct,1,True,False,True,3,3,0,False,False
t5_twopath_0015_anon,qwen2.5-3b,direct,2,False,True,True,1,0,0,False,False
t5_twopath_0016_anon,qwen2.5-3b,direct,0,True,False,False,3,3,0,True,False
t5_twopath_0016_anon,qwen2.5-3b,direct,1,False,True,False,3,0,0,False,False
t5_twopath_0016_anon,qwen2.5-3b,direct,2,False,True,True,1,0,0,False,False
t5_twopath_0017_anon,qwen2.5-3b,direct,0,False,True,False,3,0,0,False,False
t5_twopath_0017_anon,qwen2.5-3b,direct,1,False,True,True,1,0,0,False,False
t5_twopath_0017_anon,qwen2.5-3b,direct,2,False,True,True,1,0,0,False,False
t5_twopath_0018_anon,qwen2.5-3b,direct,0,False,True,True,1,0,0,False,False
t5_twopath_0018_anon,qwen2.5-3b,direct,1,False,True,True,3,0,0,False,False
t5_twopath_0018_anon,qwen2.5-3b,direct,2,True,False,False,3,3,0,True,False
t5_twopath_0019_anon,qwen2.5-3b,direct,0,False,True,True,1,0,0,False,False
t5_twopath_0019_anon,qwen2.5-3b,direct,1,False,True,False,3,0,0,True,False
t5_twopath_0019_anon,qwen2.5-3b,direct,2,False,True,True,1,0,0,False,False
nixon_diamond_anon,qwen2.5-3b,cot,1,True,False,True,4,3,2,False,False
flies_anon,qwen2.5-3b,cot,2,False,True,False,1,0,0,False,True
tax_law_anon,qwen2.5-3b,cot,2,False,True,False,1,0,0,True,False
t1_mono_0000_anon,qwen2.5-3b,cot,1,False,True,True,2,0,0,False,False
t1_mono_0001_anon,qwen2.5-3b,cot,0,False,True,False,2,0,0,False,False
t1_mono_0001_anon,qwen2.5-3b,cot,1,False,True,True,1,0,0,False,False
t1_mono_0001_anon,qwen2.5-3b,cot,2,True,False,False,2,2,0,True,False
t1_mono_0002_anon,qwen2.5-3b,cot,0,True,False,False,2,2,0,True,False
t1_mono_0002_anon,qwen2.5-3b,cot,2,False,True,False,2,0,0,False,False
t1_mono_0003_anon,qwen2.5-3b,cot,0,False,True,False,2,0,2,False,False
t1_mono_0004_anon,qwen2.5-3b,cot,2,False,True,False,2,0,0,False,False
t1_mono_0005_anon,qwen2.5-3b,cot,1,False,True,True,1,0,1,False,False
t1_mono_0005_anon,qwen2.5-3b,cot,2,False,True,False,2,0,0,False,False
t1_mono_0006_anon,qwen2.5-3b,cot,0,False,True,False,14,0,1,False,False
t1_mono_0006_anon,qwen2.5-3b,cot,1,False,True,False,2,0,0,False,False
t1_mono_0006_anon,qwen2.5-3b,cot,2,False,True,False,2,0,0,False,False
t1_mono_0007_anon,qwen2.5-3b,cot,1,False,True,False,11,0,1,False,False
t1_mono_0007_anon,qwen2.5-3b,cot,2,False,True,True,1,0,0,True,True
t1_mono_0009_anon,qwen2.5-3b,cot,0,False,True,False,2,0,0,False,False
t1_mono_0009_anon,qwen2.5-3b,cot,1,False,True,False,10,0,1,False,False
t1_mono_0009_anon,qwen2.5-3b,cot,2,False,True,False,2,0,0,False,False
t1_mono_0011_anon,qwen2.5-3b,cot,0,False,True,False,2,0,2,False,False
t1_mono_0011_anon,qwen2.5-3b,cot,1,True,False,False,2,2,2,False,False
t1_mono_0011_anon,qwen2.5-3b,cot,2,False,True,False,2,0,2,False,False
t1_mono_0013_anon,qwen2.5-3b,cot,0,False,True,False,2,0,0,False,False
t1_mono_0013_anon,qwen2.5-3b,cot,1,False,True,True,1,0,1,False,False
t1_mono_0013_anon,qwen2.5-3b,cot,2,False,True,True,1,0,0,True,True
t1_mono_0014_anon,qwen2.5-3b,cot,0,False,True,False,11,0,1,False,False
t1_mono_0014_anon,qwen2.5-3b,cot,2,False,True,True,1,0,0,False,False
t1_mono_0015_anon,qwen2.5-3b,cot,1,False,True,False,2,0,0,False,False
t1_mono_0015_anon,qwen2.5-3b,cot,2,False,True,False,2,0,0,False,False
t1_mono_0016_anon,qwen2.5-3b,cot,0,False,True,False,2,0,0,False,False
t1_mono_0016_anon,qwen2.5-3b,cot,2,False,True,False,2,0,0,True,False
t1_mono_0017_anon,qwen2.5-3b,cot,0,False,True,False,2,0,0,False,False
t1_mono_0017_anon,qwen2.5-3b,cot,1,False,True,False,2,0,0,False,False
t1_mono_0018_anon,qwen2.5-3b,cot,0,True,False,False,2,2,0,True,False
t1_mono_0018_anon,qwen2.5-3b,cot,1,False,True,False,11,0,1,False,False
t1_mono_0018_anon,qwen2.5-3b,cot,2,True,False,False,2,2,0,True,False
t1_mono_0019_anon,qwen2.5-3b,cot,0,False,True,False,2,0,2,False,False
t1_mono_0019_anon,qwen2.5-3b,cot,1,False,True,False,14,0,1,False,False
t1_mono_0019_anon,qwen2.5-3b,cot,2,False,True,True,1,0,0,False,False
t2_defeas_0000_anon,qwen2.5-3b,cot,0,False,True,True,1,0,0,False,False
t2_defeas_0000_anon,qwen2.5-3b,cot,1,True,False,True,1,1,0,False,False
t2_defeas_0000_anon,qwen2.5-3b,cot,2,False,True,True,1,0,0,False,False
t2_defeas_0001_anon,qwen2.5-3b,cot,0,False,True,False,2,0,0,False,False
t2_defeas_0001_anon,qwen2.5-3b,cot,1,False,True,False,2,0,0,False,False
t2_defeas_0001_anon,qwen2.5-3b,cot,2,False,True,True,1,0,0,False,False
t2_defeas_0002_anon,qwen2.5-3b,cot,0,False,True,False,1,0,0,False,False
t2_defeas_0002_anon,qwen2.5-3b,cot,1,False,True,False,2,0,0,False,False
t2_defeas_0002_anon,qwen2.5-3b,cot,2,False,True,False,2,0,0,False,False
t2_defeas_0003_anon,qwen2.5-3b,cot,0,False,True,False,2,0,0,False,False
t2_defeas_0003_anon,qwen2.5-3b,cot,2,False,True,False,2,0,0,False,False
t2_defeas_0004_anon,qwen2.5-3b,cot,1,False,True,True,1,0,0,False,False
t2_defeas_0004_anon,qwen2.5-3b,cot,2,False,True,False,2,0,0,False,False
t2_defeas_0005_anon,qwen2.5-3b,cot,0,False,True,False,11,0,1,False,False
t2_defeas_0005_anon,qwen2.5-3b,cot,1,True,False,True,1,1,0,False,False
t2_defeas_0006_anon,qwen2.5-3b,cot,0,False,True,False,2,0,0,False,False
t2_defeas_0006_anon,qwen2.5-3b,cot,2,False,True,False,2,0,0,False,False
t2_defeas_0007_anon,qwen2.5-3b,cot,0,False,True,False,2,0,0,False,False
t2_defeas_0007_anon,qwen2.5-3b,cot,1,False,True,False,2,0,0,False,False
t2_defeas_0007_anon,qwen2.5-3b,cot,2,True,False,False,2,2,0,False,False
t2_defeas_0008_anon,qwen2.5-3b,cot,0,False,True,False,2,0,0,False,False
t2_defeas_0008_anon,qwen2.5-3b,cot,1,False,True,False,2,0,0,False,False
t2_defeas_0009_anon,qwen2.5-3b,cot,0,True,False,True,1,1,0,False,False
t2_defeas_0009_anon,qwen2.5-3b,cot,1,True,False,True,1,1,0,False,False
t2_defeas_0009_anon,qwen2.5-3b,cot,2,True,False,True,1,1,0,False,False
t2_defeas_0010_anon,qwen2.5-3b,cot,1,False,True,False,2,0,0,False,False
t2_defeas_0010_anon,qwen2.5-3b,cot,2,False,True,False,13,0,1,False,False
t2_defeas_0011_anon,qwen2.5-3b,cot,0,False,True,False,2,0,0,False,False
t2_defeas_0011_anon,qwen2.5-3b,cot,2,False,True,False,1,0,0,False,False
t2_defeas_0012_anon,qwen2.5-3b,cot,0,True,False,True,1,1,0,False,False
t2_defeas_0012_anon,qwen2.5-3b,cot,1,True,False,True,1,1,0,False,False
t2_defeas_0012_anon,qwen2.5-3b,cot,2,True,False,True,1,1,0,False,False
t2_defeas_0013_anon,qwen2.5-3b,cot,0,False,True,True,1,0,0,False,False
t2_defeas_0013_anon,qwen2.5-3b,cot,1,False,True,True,1,0,0,False,False
t2_defeas_0013_anon,qwen2.5-3b,cot,2,False,True,False,2,0,0,False,False
t2_defeas_0014_anon,qwen2.5-3b,cot,0,True,False,True,1,1,0,False,False
t2_defeas_0014_anon,qwen2.5-3b,cot,1,False,True,False,4,0,0,False,False
t2_defeas_0014_anon,qwen2.5-3b,cot,2,False,True,False,2,0,0,False,False
t2_defeas_0015_anon,qwen2.5-3b,cot,0,False,True,False,9,0,1,False,False
t2_defeas_0015_anon,qwen2.5-3b,cot,2,False,True,False,9,0,1,False,False
t2_defeas_0016_anon,qwen2.5-3b,cot,1,False,True,False,2,0,0,False,False
t2_defeas_0016_anon,qwen2.5-3b,cot,2,False,True,False,2,0,0,False,False
t2_defeas_0017_anon,qwen2.5-3b,cot,0,False,True,True,1,0,0,False,False
t2_defeas_0017_anon,qwen2.5-3b,cot,1,False,True,False,2,0,0,False,False
t2_defeas_0017_anon,qwen2.5-3b,cot,2,False,True,False,2,0,0,False,False
t2_defeas_0018_anon,qwen2.5-3b,cot,0,False,True,True,1,0,0,False,False
t2_defeas_0018_anon,qwen2.5-3b,cot,2,True,False,True,1,1,1,False,False
t2_defeas_0019_anon,qwen2.5-3b,cot,0,False,True,False,2,0,0,False,False
t2_defeas_0019_anon,qwen2.5-3b,cot,1,True,False,True,1,1,0,False,False
t2_defeas_0019_anon,qwen2.5-3b,cot,2,False,True,False,2,0,0,False,False
t3_noise_0000_anon,qwen2.5-3b,cot,0,False,True,True,1,0,0,False,False
t3_noise_0000_anon,qwen2.5-3b,cot,1,False,True,True,1,0,0,False,True
t3_noise_0000_anon,qwen2.5-3b,cot,2,False,True,False,2,0,0,False,False
t3_noise_0001_anon,qwen2.5-3b,cot,0,False,True,False,1,0,0,False,False
t3_noise_0001_anon,qwen2.5-3b,cot,1,False,True,False,2,0,0,False,False
t3_noise_0001_anon,qwen2.5-3b,cot,2,False,True,False,31,0,1,False,False
t3_noise_0002_anon,qwen2.5-3b,cot,0,False,True,True,2,0,0,False,False
t3_noise_0002_anon,qwen2.5-3b,cot,1,False,True,False,2,0,0,False,False
t3_noise_0002_anon,qwen2.5-3b,cot,2,False,True,False,2,0,0,False,False
t3_noise_0003_anon,qwen2.5-3b,cot,0,False,True,False,2,0,0,False,False
t3_noise_0003_anon,qwen2.5-3b,cot,1,False,True,False,23,0,1,False,False
t3_noise_0003_anon,qwen2.5-3b,cot,2,False,True,False,23,0,1,False,False
t3_noise_0004_anon,qwen2.5-3b,cot,0,True,False,False,2,2,0,False,False
t3_noise_0004_anon,qwen2.5-3b,cot,1,False,True,False,2,0,0,False,False
t3_noise_0004_anon,qwen2.5-3b,cot,2,False,True,False,22,0,1,False,False
t3_noise_0005_anon,qwen2.5-3b,cot,0,False,True,False,2,0,0,True,False
t3_noise_0005_anon,qwen2.5-3b,cot,1,False,True,False,27,0,1,False,False
t3_noise_0005_anon,qwen2.5-3b,cot,2,False,True,False,2,0,0,False,False
t3_noise_0006_anon,qwen2.5-3b,cot,0,False,True,False,1,0,0,False,False
t3_noise_0006_anon,qwen2.5-3b,cot,1,False,True,False,28,0,1,False,False
t3_noise_0006_anon,qwen2.5-3b,cot,2,False,True,False,28,0,1,False,False
t3_noise_0007_anon,qwen2.5-3b,cot,0,False,True,False,2,0,0,False,False
t3_noise_0007_anon,qwen2.5-3b,cot,1,False,True,False,23,0,1,False,False
t3_noise_0007_anon,qwen2.5-3b,cot,2,False,True,False,2,0,0,False,False
t3_noise_0008_anon,qwen2.5-3b,cot,0,False,True,False,25,0,1,False,False
t3_noise_0008_anon,qwen2.5-3b,cot,1,False,True,False,25,0,1,False,False
t3_noise_0008_anon,qwen2.5-3b,cot,2,False,True,False,2,0,0,False,False
t3_noise_0009_anon,qwen2.5-3b,cot,0,False,True,False,2,0,0,False,False
t3_noise_0009_anon,qwen2.5-3b,cot,1,False,True,True,1,0,0,False,False
t3_noise_0009_anon,qwen2.5-3b,cot,2,False,True,False,24,0,1,False,False
t3_noise_0010_anon,qwen2.5-3b,cot,0,False,True,False,20,0,1,False,False
t3_noise_0010_anon,qwen2.5-3b,cot,1,True,False,False,2,2,0,False,False
t3_noise_0010_anon,qwen2.5-3b,cot,2,False,True,False,2,0,0,False,False
t3_noise_0011_anon,qwen2.5-3b,cot,0,False,True,False,2,0,0,False,False
t3_noise_0011_anon,qwen2.5-3b,cot,1,False,True,False,2,0,0,False,False
t3_noise_0011_anon,qwen2.5-3b,cot,2,False,True,False,19,0,1,False,False
t3_noise_0012_anon,qwen2.5-3b,cot,0,False,True,True,1,0,0,False,False
t3_noise_0012_anon,qwen2.5-3b,cot,1,False,True,False,2,0,0,False,False
t3_noise_0012_anon,qwen2.5-3b,cot,2,False,True,True,1,0,0,False,False
t3_noise_0013_anon,qwen2.5-3b,cot,0,False,True,False,2,0,0,False,False
t3_noise_0013_anon,qwen2.5-3b,cot,1,False,True,True,1,0,0,False,False
t3_noise_0013_anon,qwen2.5-3b,cot,2,False,True,False,2,0,0,False,False
t3_noise_0014_anon,qwen2.5-3b,cot,0,False,True,False,2,0,0,False,False
t3_noise_0014_anon,qwen2.5-3b,cot,1,False,True,False,20,0,1,False,False
t3_noise_0014_anon,qwen2.5-3b,cot,2,False,True,False,2,0,0,False,False
t3_noise_0015_anon,qwen2.5-3b,cot,0,False,True,False,21,0,1,False,False
t3_noise_0015_anon,qwen2.5-3b,cot,1,False,True,False,1,0,0,False,False
t3_noise_0015_anon,qwen2.5-3b,cot,2,False,True,False,2,0,0,False,False
t3_noise_0016_anon,qwen2.5-3b,cot,0,False,True,False,25,0,1,False,False
t3_noise_0016_anon,qwen2.5-3b,cot,1,False,True,False,25,0,1,False,False
t3_noise_0016_anon,qwen2.5-3b,cot,2,False,True,False,2,0,0,False,False
t3_noise_0017_anon,qwen2.5-3b,cot,0,False,True,False,2,0,0,False,False
t3_noise_0017_anon,qwen2.5-3b,cot,1,False,True,False,21,0,1,False,False
t3_noise_0017_anon,qwen2.5-3b,cot,2,False,True,False,21,0,1,False,False
t3_noise_0018_anon,qwen2.5-3b,cot,0,False,True,False,1,0,0,False,False
t3_noise_0018_anon,qwen2.5-3b,cot,1,True,False,True,2,1,1,False,False
t3_noise_0018_anon,qwen2.5-3b,cot,2,False,True,True,1,0,0,False,False
t3_noise_0019_anon,qwen2.5-3b,cot,0,True,False,False,2,2,0,False,False
t3_noise_0019_anon,qwen2.5-3b,cot,1,False,True,False,1,0,0,False,False
t3_noise_0019_anon,qwen2.5-3b,cot,2,False,True,False,2,0,0,True,False
t4_domain_0000_anon,qwen2.5-3b,cot,0,True,False,True,1,1,0,False,False
t4_domain_0000_anon,qwen2.5-3b,cot,1,False,True,False,3,0,0,False,False
t4_domain_0000_anon,qwen2.5-3b,cot,2,False,True,False,24,0,1,False,False
t4_domain_0001_anon,qwen2.5-3b,cot,0,True,False,True,1,1,0,False,False
t4_domain_0001_anon,qwen2.5-3b,cot,1,False,True,True,1,0,0,False,False
t4_domain_0001_anon,qwen2.5-3b,cot,2,False,True,False,3,0,0,False,False
t4_domain_0002_anon,qwen2.5-3b,cot,0,True,False,True,1,1,0,False,False
t4_domain_0002_anon,qwen2.5-3b,cot,1,True,False,True,1,1,0,False,False
t4_domain_0002_anon,qwen2.5-3b,cot,2,False,True,False,22,0,1,False,False
t4_domain_0003_anon,qwen2.5-3b,cot,0,False,True,True,1,0,0,False,False
t4_domain_0003_anon,qwen2.5-3b,cot,1,False,True,False,22,0,1,False,False
t4_domain_0003_anon,qwen2.5-3b,cot,2,True,False,True,1,1,0,False,False
t4_domain_0004_anon,qwen2.5-3b,cot,0,False,True,True,1,0,0,False,False
t4_domain_0004_anon,qwen2.5-3b,cot,1,True,False,True,1,1,0,False,False
t4_domain_0004_anon,qwen2.5-3b,cot,2,False,True,False,23,0,1,False,False
t4_domain_0005_anon,qwen2.5-3b,cot,0,True,False,True,1,1,0,False,False
t4_domain_0005_anon,qwen2.5-3b,cot,1,True,False,True,1,1,0,False,False
t4_domain_0005_anon,qwen2.5-3b,cot,2,True,False,True,1,1,0,False,False
t4_domain_0006_anon,qwen2.5-3b,cot,0,True,False,True,2,1,0,False,False
t4_domain_0006_anon,qwen2.5-3b,cot,1,False,True,False,24,0,1,False,False
t4_domain_0006_anon,qwen2.5-3b,cot,2,True,False,True,1,1,0,False,False
t4_domain_0007_anon,qwen2.5-3b,cot,0,True,False,True,1,1,0,False,False
t4_domain_0007_anon,qwen2.5-3b,cot,1,False,True,False,20,0,1,False,False
t4_domain_0007_anon,qwen2.5-3b,cot,2,False,True,True,1,0,0,False,False
t4_domain_0008_anon,qwen2.5-3b,cot,0,True,False,True,1,1,0,False,False
t4_domain_0008_anon,qwen2.5-3b,cot,1,False,True,False,18,0,0,False,False
t4_domain_0008_anon,qwen2.5-3b,cot,2,False,True,False,3,0,0,False,False
t4_domain_0009_anon,qwen2.5-3b,cot,0,True,False,True,1,1,0,False,False
t4_domain_0009_anon,qwen2.5-3b,cot,1,False,True,True,1,0,0,False,False
t4_domain_0009_anon,qwen2.5-3b,cot,2,True,False,True,1,1,0,False,False
t4_domain_0010_anon,qwen2.5-3b,cot,0,True,False,True,1,1,0,False,False
t4_domain_0010_anon,qwen2.5-3b,cot,1,True,False,True,2,1,0,False,False
t4_domain_0010_anon,qwen2.5-3b,cot,2,False,True,False,21,0,1,False,False
t4_domain_0011_anon,qwen2.5-3b,cot,0,False,True,False,26,0,1,False,False
t4_domain_0011_anon,qwen2.5-3b,cot,2,False,True,False,26,0,1,False,False
t4_domain_0012_anon,qwen2.5-3b,cot,0,False,True,False,4,0,0,False,False
t4_domain_0012_anon,qwen2.5-3b,cot,1,False,True,False,19,0,0,False,False
t4_domain_0013_anon,qwen2.5-3b,cot,0,False,True,False,17,0,1,False,False
t4_domain_0013_anon,qwen2.5-3b,cot,1,False,True,False,3,0,0,False,False
t4_domain_0013_anon,qwen2.5-3b,cot,2,True,False,True,1,1,0,False,False
t4_domain_0014_anon,qwen2.5-3b,cot,0,False,True,False,19,0,1,False,False
t4_domain_0014_anon,qwen2.5-3b,cot,1,False,True,True,1,0,0,False,False
t4_domain_0014_anon,qwen2.5-3b,cot,2,True,False,False,7,1,0,False,False
t4_domain_0015_anon,qwen2.5-3b,cot,0,False,True,False,3,0,0,False,False
t4_domain_0015_anon,qwen2.5-3b,cot,2,False,True,False,22,0,1,False,False
t4_domain_0016_anon,qwen2.5-3b,cot,0,True,False,True,1,1,0,False,False
t4_domain_0016_anon,qwen2.5-3b,cot,1,False,True,False,19,0,1,False,False
t4_domain_0016_anon,qwen2.5-3b,cot,2,False,True,False,19,0,1,False,False
t4_domain_0017_anon,qwen2.5-3b,cot,0,False,True,True,1,0,0,False,False
t4_domain_0017_anon,qwen2.5-3b,cot,1,True,False,True,1,1,0,False,False
t4_domain_0017_anon,qwen2.5-3b,cot,2,False,True,True,1,0,0,False,False
t4_domain_0018_anon,qwen2.5-3b,cot,0,True,False,True,1,1,0,False,False
t4_domain_0018_anon,qwen2.5-3b,cot,1,False,True,True,1,0,0,False,False
t4_domain_0018_anon,qwen2.5-3b,cot,2,False,True,False,3,0,0,True,False
t4_domain_0019_anon,qwen2.5-3b,cot,0,False,True,False,20,0,0,False,False
t4_domain_0019_anon,qwen2.5-3b,cot,1,False,True,True,1,0,0,False,False
t5_twopath_0000_anon,qwen2.5-3b,cot,1,False,True,False,3,0,0,False,False
t5_twopath_0000_anon,qwen2.5-3b,cot,2,True,False,False,3,3,0,True,False
t5_twopath_0001_anon,qwen2.5-3b,cot,0,True,False,False,3,3,0,True,False
t5_twopath_0001_anon,qwen2.5-3b,cot,1,False,True,True,3,0,0,False,False
t5_twopath_0002_anon,qwen2.5-3b,cot,0,True,False,False,3,3,0,True,False
t5_twopath_0002_anon,qwen2.5-3b,cot,1,False,True,False,3,0,0,False,False
t5_twopath_0002_anon,qwen2.5-3b,cot,2,False,True,False,1,0,0,False,False
t5_twopath_0003_anon,qwen2.5-3b,cot,1,False,True,True,1,0,0,False,False
t5_twopath_0003_anon,qwen2.5-3b,cot,2,False,True,False,3,0,0,False,False
t5_twopath_0004_anon,qwen2.5-3b,cot,1,False,True,False,3,0,0,True,False
t5_twopath_0005_anon,qwen2.5-3b,cot,0,True,False,False,6,6,0,False,False
t5_twopath_0005_anon,qwen2.5-3b,cot,2,True,False,False,3,3,0,False,False
t5_twopath_0006_anon,qwen2.5-3b,cot,0,True,False,False,3,3,0,False,False
t5_twopath_0006_anon,qwen2.5-3b,cot,2,False,True,False,3,0,0,False,False
t5_twopath_0007_anon,qwen2.5-3b,cot,0,False,True,False,6,0,0,False,False
t5_twopath_0007_anon,qwen2.5-3b,cot,1,False,True,False,6,0,0,False,False
t5_twopath_0008_anon,qwen2.5-3b,cot,0,False,True,False,3,0,0,False,False
t5_twopath_0008_anon,qwen2.5-3b,cot,1,False,True,False,3,0,0,False,False
t5_twopath_0008_anon,qwen2.5-3b,cot,2,False,True,False,3,0,0,False,False
t5_twopath_0009_anon,qwen2.5-3b,cot,2,False,True,False,3,0,0,False,False
t5_twopath_0010_anon,qwen2.5-3b,cot,1,False,True,False,3,0,0,False,False
t5_twopath_0011_anon,qwen2.5-3b,cot,0,True,False,False,3,3,0,False,False
t5_twopath_0011_anon,qwen2.5-3b,cot,2,False,True,False,6,0,0,False,False
t5_twopath_0013_anon,qwen2.5-3b,cot,0,False,True,False,3,0,0,False,False
t5_twopath_0013_anon,qwen2.5-3b,cot,1,False,True,False,2,0,0,False,False
t5_twopath_0015_anon,qwen2.5-3b,cot,0,False,True,False,3,0,0,False,False
t5_twopath_0015_anon,qwen2.5-3b,cot,1,False,True,False,3,0,0,True,False
t5_twopath_0016_anon,qwen2.5-3b,cot,1,False,True,False,3,0,0,False,False
nixon_diamond_anon,qwen2.5-3b,guided,0,True,False,True,2,1,1,False,False
nixon_diamond_anon,qwen2.5-3b,guided,1,True,False,True,2,1,0,False,False
nixon_diamond_anon,qwen2.5-3b,guided,2,False,True,True,2,0,0,False,False
flies_anon,qwen2.5-3b,guided,1,False,True,True,2,0,0,False,True
flies_anon,qwen2.5-3b,guided,2,False,True,True,2,0,0,False,True
tax_law_anon,qwen2.5-3b,guided,0,False,True,True,2,0,1,False,True
tax_law_anon,qwen2.5-3b,guided,1,False,True,False,6,0,0,True,False
tax_law_anon,qwen2.5-3b,guided,2,False,True,True,1,0,0,False,False
t1_mono_0000_anon,qwen2.5-3b,guided,0,False,True,True,1,0,1,False,False
t1_mono_0000_anon,qwen2.5-3b,guided,1,False,True,True,2,0,0,False,False
t1_mono_0000_anon,qwen2.5-3b,guided,2,False,True,True,3,0,0,False,False
t1_mono_0001_anon,qwen2.5-3b,guided,0,False,True,True,2,0,1,True,True
t1_mono_0001_anon,qwen2.5-3b,guided,1,False,True,True,1,0,0,False,False
t1_mono_0001_anon,qwen2.5-3b,guided,2,False,True,True,1,0,0,False,False
t1_mono_0002_anon,qwen2.5-3b,guided,0,False,True,True,2,0,1,False,False
t1_mono_0002_anon,qwen2.5-3b,guided,1,False,True,True,2,0,0,False,False
t1_mono_0002_anon,qwen2.5-3b,guided,2,False,True,True,2,0,1,False,False
t1_mono_0003_anon,qwen2.5-3b,guided,0,True,False,True,2,1,1,False,False
t1_mono_0003_anon,qwen2.5-3b,guided,1,False,True,True,2,0,0,False,False
t1_mono_0003_anon,qwen2.5-3b,guided,2,False,True,True,4,0,2,False,True
t1_mono_0004_anon,qwen2.5-3b,guided,0,False,True,True,4,0,1,False,False
t1_mono_0004_anon,qwen2.5-3b,guided,1,False,True,True,4,0,1,False,False
t1_mono_0004_anon,qwen2.5-3b,guided,2,False,True,True,4,0,1,False,False
t1_mono_0005_anon,qwen2.5-3b,guided,0,False,True,True,3,0,0,False,False
t1_mono_0005_anon,qwen2.5-3b,guided,1,False,True,True,2,0,1,True,True
t1_mono_0005_anon,qwen2.5-3b,guided,2,False,True,True,2,0,1,True,True
t1_mono_0006_anon,qwen2.5-3b,guided,0,False,True,True,3,0,0,False,False
t1_mono_0006_anon,qwen2.5-3b,guided,1,False,True,True,2,0,1,False,False
t1_mono_0006_anon,qwen2.5-3b,guided,2,False,True,False,4,0,1,False,False
t1_mono_0007_anon,qwen2.5-3b,guided,0,False,True,True,2,0,1,False,False
t1_mono_0007_anon,qwen2.5-3b,guided,1,False,True,True,2,0,1,True,True
t1_mono_0007_anon,qwen2.5-3b,guided,2,False,True,True,1,0,0,False,False
t1_mono_0008_anon,qwen2.5-3b,guided,1,True,False,True,2,1,1,True,True
t1_mono_0008_anon,qwen2.5-3b,guided,2,False,True,True,3,0,1,False,False
t1_mono_0009_anon,qwen2.5-3b,guided,0,True,False,True,3,3,0,False,False
t1_mono_0009_anon,qwen2.5-3b,guided,1,False,True,True,2,0,1,False,False
t1_mono_0009_anon,qwen2.5-3b,guided,2,False,True,True,2,0,1,False,False
t1_mono_0010_anon,qwen2.5-3b,guided,0,False,True,True,4,0,1,False,False
t1_mono_0010_anon,qwen2.5-3b,guided,1,False,True,True,4,0,1,False,False
t1_mono_0010_anon,qwen2.5-3b,guided,2,True,False,True,4,3,2,False,False
t1_mono_0011_anon,qwen2.5-3b,guided,0,True,False,True,2,2,1,False,False
t1_mono_0011_anon,qwen2.5-3b,guided,1,False,True,True,2,0,0,False,False
t1_mono_0011_anon,qwen2.5-3b,guided,2,True,False,True,2,1,1,False,False
t1_mono_0012_anon,qwen2.5-3b,guided,0,False,True,True,4,0,1,True,True
t1_mono_0012_anon,qwen2.5-3b,guided,1,True,False,True,2,1,1,False,False
t1_mono_0012_anon,qwen2.5-3b,guided,2,False,True,True,4,0,1,False,False
t1_mono_0013_anon,qwen2.5-3b,guided,0,False,True,True,2,0,1,False,False
t1_mono_0013_anon,qwen2.5-3b,guided,1,False,True,True,2,0,0,False,False
t1_mono_0013_anon,qwen2.5-3b,guided,2,False,True,True,2,0,1,False,False
t1_mono_0014_anon,qwen2.5-3b,guided,0,True,False,True,4,1,1,False,False
t1_mono_0014_anon,qwen2.5-3b,guided,1,False,True,True,2,0,0,False,False
t1_mono_0014_anon,qwen2.5-3b,guided,2,False,True,False,7,0,1,False,False
t1_mono_0015_anon,qwen2.5-3b,guided,0,False,True,True,2,0,2,False,False
t1_mono_0015_anon,qwen2.5-3b,guided,1,False,True,True,2,0,0,False,False
t1_mono_0015_anon,qwen2.5-3b,guided,2,False,True,True,2,0,0,False,False
t1_mono_0016_anon,qwen2.5-3b,guided,0,False,True,True,3,0,0,False,False
t1_mono_0016_anon,qwen2.5-3b,guided,1,True,False,True,3,2,0,False,False
t1_mono_0016_anon,qwen2.5-3b,guided,2,False,True,True,2,0,1,False,False
t1_mono_0017_anon,qwen2.5-3b,guided,0,True,False,True,1,1,0,True,False
t1_mono_0017_anon,qwen2.5-3b,guided,1,False,True,True,3,0,0,False,False
t1_mono_0017_anon,qwen2.5-3b,guided,2,True,False,True,3,3,0,False,False
t1_mono_0018_anon,qwen2.5-3b,guided,0,False,True,False,4,0,1,False,False
t1_mono_0018_anon,qwen2.5-3b,guided,1,False,True,True,2,0,1,False,False
t1_mono_0018_anon,qwen2.5-3b,guided,2,False,True,True,4,0,1,False,False
t1_mono_0019_anon,qwen2.5-3b,guided,0,False,True,True,2,0,1,False,False
t1_mono_0019_anon,qwen2.5-3b,guided,1,False,True,True,2,0,1,True,True
t1_mono_0019_anon,qwen2.5-3b,guided,2,False,True,False,14,0,1,True,False
t2_defeas_0000_anon,qwen2.5-3b,guided,0,False,True,True,4,0,0,False,False
t2_defeas_0000_anon,qwen2.5-3b,guided,1,False,True,True,2,0,0,False,False
t2_defeas_0000_anon,qwen2.5-3b,guided,2,False,True,True,2,0,0,False,False
t2_defeas_0001_anon,qwen2.5-3b,guided,0,True,False,True,1,1,0,False,False
t2_defeas_0001_anon,qwen2.5-3b,guided,1,True,False,True,2,2,1,False,False
t2_defeas_0001_anon,qwen2.5-3b,guided,2,True,False,True,2,2,1,False,False
t2_defeas_0002_anon,qwen2.5-3b,guided,0,True,False,True,1,1,0,False,False
t2_defeas_0002_anon,qwen2.5-3b,guided,1,True,False,True,2,1,1,False,False
t2_defeas_0002_anon,qwen2.5-3b,guided,2,True,False,True,2,2,0,False,False
t2_defeas_0003_anon,qwen2.5-3b,guided,0,False,True,True,2,0,0,False,False
t2_defeas_0003_anon,qwen2.5-3b,guided,1,False,True,True,2,0,1,False,False
t2_defeas_0003_anon,qwen2.5-3b,guided,2,True,False,True,2,2,1,False,False
t2_defeas_0004_anon,qwen2.5-3b,guided,0,False,True,True,2,0,0,False,False
t2_defeas_0004_anon,qwen2.5-3b,guided,1,False,True,True,2,0,1,False,False
t2_defeas_0004_anon,qwen2.5-3b,guided,2,False,True,True,2,0,0,False,False
t2_defeas_0005_anon,qwen2.5-3b,guided,0,False,True,False,5,0,1,False,False
t2_defeas_0005_anon,qwen2.5-3b,guided,1,False,True,True,2,0,0,False,False
t2_defeas_0005_anon,qwen2.5-3b,guided,2,False,True,True,2,0,0,False,False
t2_defeas_0006_anon,qwen2.5-3b,guided,0,True,False,False,2,2,2,False,False
t2_defeas_0006_anon,qwen2.5-3b,guided,1,False,True,True,2,0,1,False,False
t2_defeas_0006_anon,qwen2.5-3b,guided,2,True,False,True,1,1,0,False,False
t2_defeas_0007_anon,qwen2.5-3b,guided,0,True,False,True,1,1,0,False,False
t2_defeas_0007_anon,qwen2.5-3b,guided,1,False,True,True,2,0,0,False,False
t2_defeas_0007_anon,qwen2.5-3b,guided,2,True,False,True,7,3,0,False,True
t2_defeas_0008_anon,qwen2.5-3b,guided,0,True,False,True,1,1,0,False,False
t2_defeas_0008_anon,qwen2.5-3b,guided,1,True,False,True,1,1,0,False,False
t2_defeas_0008_anon,qwen2.5-3b,guided,2,False,True,True,2,0,0,False,False
t2_defeas_0009_anon,qwen2.5-3b,guided,0,False,True,True,2,0,0,False,False
t2_defeas_0009_anon,qwen2.5-3b,guided,1,True,False,True,2,2,1,False,False
t2_defeas_0009_anon,qwen2.5-3b,guided,2,True,False,True,2,1,1,False,False
t2_defeas_0010_anon,qwen2.5-3b,guided,0,False,True,True,4,0,0,False,True
t2_defeas_0010_anon,qwen2.5-3b,guided,1,False,True,True,1,0,1,False,False
t2_defeas_0010_anon,qwen2.5-3b,guided,2,True,False,True,1,1,0,False,False
t2_defeas_0011_anon,qwen2.5-3b,guided,0,False,True,True,2,0,0,False,False
t2_defeas_0011_anon,qwen2.5-3b,guided,1,False,True,True,6,0,1,False,False
t2_defeas_0011_anon,qwen2.5-3b,guided,2,True,False,True,2,2,1,False,False
t2_defeas_0012_anon,qwen2.5-3b,guided,0,True,False,True,2,2,1,False,False
t2_defeas_0012_anon,qwen2.5-3b,guided,1,False,True,True,2,0,0,False,False
t2_defeas_0012_anon,qwen2.5-3b,guided,2,True,False,True,3,2,1,False,False
t2_defeas_0013_anon,qwen2.5-3b,guided,0,True,False,True,2,1,1,False,False
t2_defeas_0013_anon,qwen2.5-3b,guided,1,True,False,True,2,2,1,False,False
t2_defeas_0013_anon,qwen2.5-3b,guided,2,False,True,True,2,0,0,False,False
t2_defeas_0014_anon,qwen2.5-3b,guided,0,False,True,False,6,0,1,False,False
t2_defeas_0014_anon,qwen2.5-3b,guided,1,False,True,True,2,0,1,False,False
t2_defeas_0014_anon,qwen2.5-3b,guided,2,False,True,True,2,0,1,False,False
t2_defeas_0015_anon,qwen2.5-3b,guided,0,False,True,True,2,0,1,False,False
t2_defeas_0015_anon,qwen2.5-3b,guided,1,False,True,True,2,0,0,False,False
t2_defeas_0015_anon,qwen2.5-3b,guided,2,True,False,True,2,1,1,False,False
t2_defeas_0016_anon,qwen2.5-3b,guided,0,True,False,True,2,2,0,False,False
t2_defeas_0016_anon,qwen2.5-3b,guided,1,False,True,True,2,0,0,False,False
t2_defeas_0016_anon,qwen2.5-3b,guided,2,False,True,True,2,0,0,False,False
t2_defeas_0017_anon,qwen2.5-3b,guided,0,True,False,True,2,2,1,False,False
t2_defeas_0017_anon,qwen2.5-3b,guided,1,False,True,True,2,0,0,False,False
t2_defeas_0017_anon,qwen2.5-3b,guided,2,False,True,True,2,0,0,False,False
t2_defeas_0018_anon,qwen2.5-3b,guided,0,False,True,True,2,0,0,False,False
t2_defeas_0018_anon,qwen2.5-3b,guided,1,True,False,True,1,1,0,False,False
t2_defeas_0018_anon,qwen2.5-3b,guided,2,True,False,True,3,3,2,False,False
t2_defeas_0019_anon,qwen2.5-3b,guided,0,False,True,True,2,0,1,False,False
t2_defeas_0019_anon,qwen2.5-3b,guided,1,False,True,True,8,0,1,False,False
t2_defeas_0019_anon,qwen2.5-3b,guided,2,False,True,True,2,0,1,False,False
t3_noise_0000_anon,qwen2.5-3b,guided,0,False,True,True,2,0,1,False,False
t3_noise_0000_anon,qwen2.5-3b,guided,1,False,True,True,2,0,1,False,False
t3_noise_0000_anon,qwen2.5-3b,guided,2,False,True,True,2,0,0,False,False
t3_noise_0001_anon,qwen2.5-3b,guided,0,False,True,True,2,0,0,False,False
t3_noise_0001_anon,qwen2.5-3b,guided,1,False,True,True,1,0,1,False,False
t3_noise_0001_anon,qwen2.5-3b,guided,2,True,False,True,1,1,0,False,False
t3_noise_0002_anon,qwen2.5-3b,guided,0,False,True,True,2,0,0,False,False
t3_noise_0002_anon,qwen2.5-3b,guided,1,False,True,True,1,0,0,False,False
t3_noise_0002_anon,qwen2.5-3b,guided,2,False,True,True,2,0,0,False,False
t3_noise_0003_anon,qwen2.5-3b,guided,0,True,False,True,2,1,1,False,False
t3_noise_0003_anon,qwen2.5-3b,guided,1,False,True,True,2,0,0,False,False
t3_noise_0003_anon,qwen2.5-3b,guided,2,True,False,True,2,1,1,False,False
t3_noise_0004_anon,qwen2.5-3b,guided,0,True,False,True,2,1,1,False,False
t3_noise_0004_anon,qwen2.5-3b,guided,1,True,False,True,2,1,1,False,False
t3_noise_0004_anon,qwen2.5-3b,guided,2,True,False,True,2,2,1,False,False
t3_noise_0005_anon,qwen2.5-3b,guided,0,False,True,False,27,0,1,False,False
t3_noise_0005_anon,qwen2.5-3b,guided,1,False,True,True,2,0,0,False,False
t3_noise_0005_anon,qwen2.5-3b,guided,2,False,True,True,1,0,0,False,False
t3_noise_0006_anon,qwen2.5-3b,guided,0,False,True,True,2,0,0,False,False
t3_noise_0006_anon,qwen2.5-3b,guided,1,False,True,True,1,0,0,False,False
t3_noise_0007_anon,qwen2.5-3b,guided,0,True,False,True,1,1,0,False,False
t3_noise_0007_anon,qwen2.5-3b,guided,1,False,True,True,1,0,0,False,False
t3_noise_0007_anon,qwen2.5-3b,guided,2,False,True,True,5,0,0,False,False
t3_noise_0008_anon,qwen2.5-3b,guided,0,False,True,True,12,0,2,False,False
t3_noise_0008_anon,qwen2.5-3b,guided,1,False,True,True,2,0,0,False,False
t3_noise_0008_anon,qwen2.5-3b,guided,2,False,True,True,2,0,0,False,False
t3_noise_0009_anon,qwen2.5-3b,guided,0,False,True,True,1,0,0,False,False
t3_noise_0009_anon,qwen2.5-3b,guided,1,True,False,True,1,1,0,False,False
t3_noise_0009_anon,qwen2.5-3b,guided,2,False,True,True,2,0,0,False,False
t3_noise_0010_anon,qwen2.5-3b,guided,0,True,False,True,2,2,0,False,False
t3_noise_0010_anon,qwen2.5-3b,guided,1,False,True,True,1,0,0,False,False
t3_noise_0010_anon,qwen2.5-3b,guided,2,False,True,True,2,0,0,False,False
t3_noise_0011_anon,qwen2.5-3b,guided,0,False,True,True,1,0,0,False,False
t3_noise_0011_anon,qwen2.5-3b,guided,1,True,False,True,8,5,4,False,False
t3_noise_0011_anon,qwen2.5-3b,guided,2,False,True,True,2,0,0,False,False
t3_noise_0012_anon,qwen2.5-3b,guided,0,False,True,True,6,0,3,False,True
t3_noise_0012_anon,qwen2.5-3b,guided,1,True,False,True,3,3,0,False,False
t3_noise_0012_anon,qwen2.5-3b,guided,2,True,False,True,2,1,0,False,False
t3_noise_0013_anon,qwen2.5-3b,guided,0,False,True,False,2,0,0,False,False
t3_noise_0013_anon,qwen2.5-3b,guided,1,True,False,True,4,4,0,False,False
t3_noise_0014_anon,qwen2.5-3b,guided,0,True,False,True,2,1,1,False,False
t3_noise_0014_anon,qwen2.5-3b,guided,1,True,False,True,2,1,1,False,False
t3_noise_0014_anon,qwen2.5-3b,guided,2,False,True,True,3,0,1,False,False
t3_noise_0015_anon,qwen2.5-3b,guided,0,False,True,True,1,0,0,False,False
t3_noise_0015_anon,qwen2.5-3b,guided,1,False,True,True,4,0,4,False,False
t3_noise_0015_anon,qwen2.5-3b,guided,2,True,False,True,2,1,1,False,False
t3_noise_0016_anon,qwen2.5-3b,guided,0,False,True,True,2,0,0,False,False
t3_noise_0016_anon,qwen2.5-3b,guided,1,False,True,True,2,0,0,False,False
t3_noise_0016_anon,qwen2.5-3b,guided,2,True,False,True,3,2,1,True,False
t3_noise_0017_anon,qwen2.5-3b,guided,0,True,False,True,1,1,0,False,False
t3_noise_0017_anon,qwen2.5-3b,guided,1,True,False,True,5,5,0,False,False
t3_noise_0017_anon,qwen2.5-3b,guided,2,False,True,True,2,0,1,False,False
t3_noise_0018_anon,qwen2.5-3b,guided,0,False,True,False,23,0,1,False,False
t3_noise_0018_anon,qwen2.5-3b,guided,1,True,False,True,1,1,0,False,False
t3_noise_0018_anon,qwen2.5-3b,guided,2,True,False,True,4,2,4,False,False
t3_noise_0019_anon,qwen2.5-3b,guided,0,True,False,True,5,5,0,False,False
t3_noise_0019_anon,qwen2.5-3b,guided,1,False,True,True,2,0,0,False,False
t3_noise_0019_anon,qwen2.5-3b,guided,2,True,False,True,2,1,1,False,False
t4_domain_0000_anon,qwen2.5-3b,guided,0,True,False,True,1,1,0,False,False
t4_domain_0000_anon,qwen2.5-3b,guided,1,False,True,True,2,0,0,False,False
t4_domain_0000_anon,qwen2.5-3b,guided,2,True,False,True,1,1,1,False,False
t4_domain_0001_anon,qwen2.5-3b,guided,0,True,False,True,2,2,1,False,False
t4_domain_0001_anon,qwen2.5-3b,guided,1,False,True,True,2,0,0,False,False
t4_domain_0001_anon,qwen2.5-3b,guided,2,False,True,True,2,0,0,False,False
t4_domain_0002_anon,qwen2.5-3b,guided,0,True,False,True,1,1,0,False,False
t4_domain_0002_anon,qwen2.5-3b,guided,1,True,False,True,6,3,3,False,False
t4_domain_0002_anon,qwen2.5-3b,guided,2,True,False,True,2,2,1,False,False
t4_domain_0003_anon,qwen2.5-3b,guided,0,False,True,True,2,0,0,False,False
t4_domain_0003_anon,qwen2.5-3b,guided,1,True,False,True,3,3,0,False,False
t4_domain_0003_anon,qwen2.5-3b,guided,2,True,False,True,24,12,12,False,False
t4_domain_0004_anon,qwen2.5-3b,guided,0,True,False,True,8,4,4,False,False
t4_domain_0004_anon,qwen2.5-3b,guided,1,False,True,False,23,0,1,False,False
t4_domain_0005_anon,qwen2.5-3b,guided,0,False,True,True,10,0,0,False,True
t4_domain_0005_anon,qwen2.5-3b,guided,1,True,False,True,2,2,0,False,False
t4_domain_0005_anon,qwen2.5-3b,guided,2,True,False,True,2,1,1,False,False
t4_domain_0006_anon,qwen2.5-3b,guided,0,True,False,True,2,2,1,False,False
t4_domain_0006_anon,qwen2.5-3b,guided,1,True,False,True,2,2,1,False,False
t4_domain_0006_anon,qwen2.5-3b,guided,2,True,False,True,1,1,0,False,False
t4_domain_0007_anon,qwen2.5-3b,guided,0,True,False,True,2,2,0,False,False
t4_domain_0007_anon,qwen2.5-3b,guided,1,True,False,True,2,2,1,False,False
t4_domain_0007_anon,qwen2.5-3b,guided,2,True,False,True,2,2,0,False,False
t4_domain_0008_anon,qwen2.5-3b,guided,0,True,False,True,2,2,1,False,False
t4_domain_0008_anon,qwen2.5-3b,guided,1,False,True,False,3,0,0,False,False
t4_domain_0008_anon,qwen2.5-3b,guided,2,True,False,True,2,2,1,False,False
t4_domain_0009_anon,qwen2.5-3b,guided,1,True,False,True,2,1,1,False,False
t4_domain_0009_anon,qwen2.5-3b,guided,2,True,False,True,2,2,1,False,False
t4_domain_0010_anon,qwen2.5-3b,guided,0,False,True,False,21,0,1,False,False
t4_domain_0010_anon,qwen2.5-3b,guided,1,True,False,True,12,7,6,False,False
t4_domain_0010_anon,qwen2.5-3b,guided,2,True,False,True,2,2,1,False,False
t4_domain_0011_anon,qwen2.5-3b,guided,0,True,False,True,2,2,1,False,False
t4_domain_0011_anon,qwen2.5-3b,guided,2,True,False,True,2,2,1,False,False
t4_domain_0012_anon,qwen2.5-3b,guided,0,True,False,True,2,2,1,False,False
t4_domain_0012_anon,qwen2.5-3b,guided,2,True,False,True,2,2,1,False,False
t4_domain_0013_anon,qwen2.5-3b,guided,0,True,False,True,2,1,1,False,False
t4_domain_0013_anon,qwen2.5-3b,guided,1,False,True,True,140,0,0,False,False
t4_domain_0013_anon,qwen2.5-3b,guided,2,True,False,True,2,2,1,False,False
t4_domain_0014_anon,qwen2.5-3b,guided,0,False,True,True,2,0,1,False,False
t4_domain_0014_anon,qwen2.5-3b,guided,1,False,True,True,140,0,0,False,False
t4_domain_0015_anon,qwen2.5-3b,guided,0,False,True,True,2,0,0,False,False
t4_domain_0015_anon,qwen2.5-3b,guided,1,True,False,True,1,1,0,False,False
t4_domain_0015_anon,qwen2.5-3b,guided,2,True,False,True,22,11,11,False,False
t4_domain_0016_anon,qwen2.5-3b,guided,0,True,False,True,10,5,5,False,False
t4_domain_0016_anon,qwen2.5-3b,guided,1,True,False,True,10,5,5,False,False
t4_domain_0016_anon,qwen2.5-3b,guided,2,True,False,True,2,2,1,False,False
t4_domain_0017_anon,qwen2.5-3b,guided,1,True,False,True,2,2,1,False,False
t4_domain_0017_anon,qwen2.5-3b,guided,2,True,False,True,2,1,1,False,False
t4_domain_0018_anon,qwen2.5-3b,guided,0,False,True,True,2,0,0,False,False
t4_domain_0018_anon,qwen2.5-3b,guided,1,False,True,True,2,0,0,False,False
t4_domain_0018_anon,qwen2.5-3b,guided,2,True,False,True,5,5,0,False,False
t4_domain_0019_anon,qwen2.5-3b,guided,0,True,False,True,2,1,1,False,False
t4_domain_0019_anon,qwen2.5-3b,guided,2,True,False,False,4,4,3,False,False
t5_twopath_0000_anon,qwen2.5-3b,guided,0,False,True,True,2,0,0,False,False
t5_twopath_0000_anon,qwen2.5-3b,guided,2,True,False,True,1,1,0,False,True
t5_twopath_0001_anon,qwen2.5-3b,guided,0,True,False,False,3,3,0,True,False
t5_twopath_0001_anon,qwen2.5-3b,guided,1,True,False,False,3,3,0,True,False
t5_twopath_0001_anon,qwen2.5-3b,guided,2,True,False,True,2,2,0,False,False
t5_twopath_0002_anon,qwen2.5-3b,guided,0,False,True,False,12,0,2,True,False
t5_twopath_0002_anon,qwen2.5-3b,guided,1,True,False,False,3,3,0,False,False
t5_twopath_0002_anon,qwen2.5-3b,guided,2,True,False,True,1,1,0,False,False
t5_twopath_0003_anon,qwen2.5-3b,guided,0,False,True,False,3,0,3,True,False
t5_twopath_0003_anon,qwen2.5-3b,guided,1,False,True,False,3,0,3,False,False
t5_twopath_0003_anon,qwen2.5-3b,guided,2,True,False,True,1,1,0,False,False
t5_twopath_0004_anon,qwen2.5-3b,guided,0,False,True,False,3,0,3,False,False
t5_twopath_0004_anon,qwen2.5-3b,guided,1,False,True,True,2,0,2,False,False
t5_twopath_0005_anon,qwen2.5-3b,guided,0,True,False,False,3,3,0,False,False
t5_twopath_0005_anon,qwen2.5-3b,guided,1,False,True,True,1,0,0,False,False
t5_twopath_0005_anon,qwen2.5-3b,guided,2,True,False,True,4,4,0,False,False
t5_twopath_0006_anon,qwen2.5-3b,guided,0,False,True,False,3,0,0,False,False
t5_twopath_0006_anon,qwen2.5-3b,guided,1,True,False,True,1,1,0,False,True
t5_twopath_0006_anon,qwen2.5-3b,guided,2,True,False,True,1,1,0,False,True
t5_twopath_0007_anon,qwen2.5-3b,guided,0,True,False,False,3,3,0,True,False
t5_twopath_0007_anon,qwen2.5-3b,guided,1,False,True,True,1,0,0,False,False
t5_twopath_0007_anon,qwen2.5-3b,guided,2,True,False,True,1,1,0,False,False
t5_twopath_0008_anon,qwen2.5-3b,guided,0,False,True,False,3,0,0,False,False
t5_twopath_0008_anon,qwen2.5-3b,guided,1,True,False,False,3,3,0,False,False
t5_twopath_0008_anon,qwen2.5-3b,guided,2,True,False,False,3,3,0,True,False
t5_twopath_0009_anon,qwen2.5-3b,guided,0,True,False,False,3,3,3,False,False
t5_twopath_0009_anon,qwen2.5-3b,guided,2,True,False,False,5,5,0,False,False
t5_twopath_0010_anon,qwen2.5-3b,guided,0,False,True,False,3,0,3,False,False
t5_twopath_0010_anon,qwen2.5-3b,guided,1,False,True,True,1,0,1,False,False
t5_twopath_0010_anon,qwen2.5-3b,guided,2,True,False,True,1,1,1,False,False
t5_twopath_0011_anon,qwen2.5-3b,guided,0,False,True,True,6,0,0,False,False
t5_twopath_0011_anon,qwen2.5-3b,guided,2,False,True,True,1,0,0,False,False
t5_twopath_0012_anon,qwen2.5-3b,guided,0,False,True,True,1,0,0,False,False
t5_twopath_0012_anon,qwen2.5-3b,guided,1,False,True,True,2,0,0,False,False
t5_twopath_0012_anon,qwen2.5-3b,guided,2,True,False,True,1,1,0,False,False
t5_twopath_0013_anon,qwen2.5-3b,guided,1,True,False,False,3,3,0,True,False
t5_twopath_0013_anon,qwen2.5-3b,guided,2,True,False,True,2,2,1,False,False
t5_twopath_0014_anon,qwen2.5-3b,guided,0,False,True,True,1,0,0,False,False
t5_twopath_0014_anon,qwen2.5-3b,guided,1,True,False,False,3,3,0,True,False
t5_twopath_0014_anon,qwen2.5-3b,guided,2,True,False,False,3,3,0,True,False
t5_twopath_0015_anon,qwen2.5-3b,guided,0,False,True,False,3,0,3,False,False
t5_twopath_0015_anon,qwen2.5-3b,guided,1,True,False,True,2,1,1,False,False
t5_twopath_0015_anon,qwen2.5-3b,guided,2,True,False,False,3,3,0,True,False
t5_twopath_0016_anon,qwen2.5-3b,guided,0,True,False,False,3,3,0,True,False
t5_twopath_0016_anon,qwen2.5-3b,guided,1,True,False,False,3,3,3,False,False
t5_twopath_0016_anon,qwen2.5-3b,guided,2,True,False,True,2,2,0,False,False
t5_twopath_0017_anon,qwen2.5-3b,guided,0,False,True,True,1,0,1,False,False
t5_twopath_0017_anon,qwen2.5-3b,guided,1,False,True,True,1,0,1,False,False
t5_twopath_0017_anon,qwen2.5-3b,guided,2,False,True,True,1,0,0,False,False
t5_twopath_0018_anon,qwen2.5-3b,guided,0,False,True,False,3,0,3,False,False
t5_twopath_0018_anon,qwen2.5-3b,guided,1,False,True,True,1,0,0,False,False
t5_twopath_0018_anon,qwen2.5-3b,guided,2,False,True,False,3,0,3,True,False
t5_twopath_0019_anon,qwen2.5-3b,guided,0,True,False,True,2,2,0,False,False
t5_twopath_0019_anon,qwen2.5-3b,guided,1,False,True,False,3,0,3,False,False
t5_twopath_0019_anon,qwen2.5-3b,guided,2,True,False,True,1,1,0,False,False
nixon_diamond_anon,qwen2.5-3b,algorithm,0,True,False,True,1,1,0,False,False
nixon_diamond_anon,qwen2.5-3b,algorithm,1,True,False,True,3,3,0,False,False
nixon_diamond_anon,qwen2.5-3b,algorithm,2,True,False,True,4,4,0,False,False
flies_anon,qwen2.5-3b,algorithm,0,False,True,False,5,0,0,False,True
flies_anon,qwen2.5-3b,algorithm,1,False,True,True,1,0,0,False,False
flies_anon,qwen2.5-3b,algorithm,2,False,True,False,5,0,0,False,True
tax_law_anon,qwen2.5-3b,algorithm,0,False,True,False,1,0,0,True,False
tax_law_anon,qwen2.5-3b,algorithm,1,False,True,False,6,0,0,False,False
tax_law_anon,qwen2.5-3b,algorithm,2,False,True,False,1,0,0,True,False
t1_mono_0000_anon,qwen2.5-3b,algorithm,0,False,True,True,1,0,0,True,True
t1_mono_0000_anon,qwen2.5-3b,algorithm,1,False,True,True,2,0,0,False,False
t1_mono_0000_anon,qwen2.5-3b,algorithm,2,False,True,True,1,0,0,True,True
t1_mono_0001_anon,qwen2.5-3b,algorithm,0,False,True,False,3,0,3,False,False
t1_mono_0001_anon,qwen2.5-3b,algorithm,1,True,False,True,2,1,1,False,False
t1_mono_0001_anon,qwen2.5-3b,algorithm,2,False,True,True,3,0,0,False,False
t1_mono_0002_anon,qwen2.5-3b,algorithm,0,True,False,False,2,2,0,False,False
t1_mono_0002_anon,qwen2.5-3b,algorithm,1,False,True,True,3,0,0,False,False
t1_mono_0002_anon,qwen2.5-3b,algorithm,2,False,True,True,3,0,0,False,False
t1_mono_0003_anon,qwen2.5-3b,algorithm,0,True,False,True,3,3,0,True,True
t1_mono_0003_anon,qwen2.5-3b,algorithm,1,False,True,True,1,0,0,True,True
t1_mono_0003_anon,qwen2.5-3b,algorithm,2,True,False,False,2,2,0,True,False
t1_mono_0004_anon,qwen2.5-3b,algorithm,0,True,False,True,2,2,2,False,False
t1_mono_0004_anon,qwen2.5-3b,algorithm,1,False,True,True,4,0,0,False,False
t1_mono_0004_anon,qwen2.5-3b,algorithm,2,False,True,False,2,0,0,False,False
t1_mono_0005_anon,qwen2.5-3b,algorithm,0,False,True,True,2,0,1,False,False
t1_mono_0005_anon,qwen2.5-3b,algorithm,1,False,True,False,5,0,1,False,False
t1_mono_0005_anon,qwen2.5-3b,algorithm,2,False,True,True,1,0,0,True,True
t1_mono_0006_anon,qwen2.5-3b,algorithm,0,False,True,True,1,0,0,False,False
t1_mono_0006_anon,qwen2.5-3b,algorithm,1,False,True,False,2,0,2,False,False
t1_mono_0006_anon,qwen2.5-3b,algorithm,2,False,True,True,2,0,2,False,False
t1_mono_0007_anon,qwen2.5-3b,algorithm,0,False,True,False,2,0,0,False,False
t1_mono_0007_anon,qwen2.5-3b,algorithm,1,False,True,False,2,0,0,False,False
t1_mono_0007_anon,qwen2.5-3b,algorithm,2,False,True,True,1,0,1,True,True
t1_mono_0008_anon,qwen2.5-3b,algorithm,0,False,True,True,1,0,0,True,True
t1_mono_0008_anon,qwen2.5-3b,algorithm,1,True,False,True,2,2,2,False,False
t1_mono_0008_anon,qwen2.5-3b,algorithm,2,False,True,True,1,0,0,False,False
t1_mono_0009_anon,qwen2.5-3b,algorithm,0,False,True,True,1,0,0,True,True
t1_mono_0009_anon,qwen2.5-3b,algorithm,1,False,True,False,3,0,0,False,False
t1_mono_0009_anon,qwen2.5-3b,algorithm,2,True,False,True,2,1,1,False,False
t1_mono_0010_anon,qwen2.5-3b,algorithm,0,False,True,True,1,0,1,True,True
t1_mono_0010_anon,qwen2.5-3b,algorithm,1,False,True,True,2,0,1,False,False
t1_mono_0010_anon,qwen2.5-3b,algorithm,2,False,True,True,2,0,1,True,True
t1_mono_0011_anon,qwen2.5-3b,algorithm,0,True,False,True,1,1,1,False,False
t1_mono_0011_anon,qwen2.5-3b,algorithm,1,True,False,True,4,1,1,False,False
t1_mono_0011_anon,qwen2.5-3b,algorithm,2,True,False,False,3,3,0,True,False
t1_mono_0012_anon,qwen2.5-3b,algorithm,0,False,True,True,1,0,0,True,False
t1_mono_0012_anon,qwen2.5-3b,algorithm,1,False,True,True,1,0,0,True,False
t1_mono_0012_anon,qwen2.5-3b,algorithm,2,False,True,True,1,0,0,False,False
t1_mono_0013_anon,qwen2.5-3b,algorithm,0,True,False,False,2,2,0,True,False
t1_mono_0013_anon,qwen2.5-3b,algorithm,1,True,False,True,2,2,0,False,False
t1_mono_0013_anon,qwen2.5-3b,algorithm,2,True,False,True,4,4,1,False,False
t1_mono_0014_anon,qwen2.5-3b,algorithm,0,False,True,True,1,0,1,False,False
t1_mono_0014_anon,qwen2.5-3b,algorithm,1,False,True,True,4,0,1,True,True
t1_mono_0014_anon,qwen2.5-3b,algorithm,2,False,True,True,2,0,1,True,True
t1_mono_0015_anon,qwen2.5-3b,algorithm,0,False,True,True,3,0,0,False,False
t1_mono_0015_anon,qwen2.5-3b,algorithm,1,False,True,False,10,0,1,False,False
t1_mono_0015_anon,qwen2.5-3b,algorithm,2,False,True,True,1,0,0,True,True
t1_mono_0016_anon,qwen2.5-3b,algorithm,0,False,True,True,1,0,0,True,False
t1_mono_0016_anon,qwen2.5-3b,algorithm,1,True,False,False,2,2,0,True,False
t1_mono_0016_anon,qwen2.5-3b,algorithm,2,True,False,True,2,1,1,False,False
t1_mono_0017_anon,qwen2.5-3b,algorithm,0,True,False,True,1,1,0,False,False
t1_mono_0017_anon,qwen2.5-3b,algorithm,1,False,True,True,2,0,1,True,False
t1_mono_0017_anon,qwen2.5-3b,algorithm,2,False,True,True,2,0,2,False,False
t1_mono_0018_anon,qwen2.5-3b,algorithm,0,True,False,True,3,3,0,False,False
t1_mono_0018_anon,qwen2.5-3b,algorithm,1,False,True,False,4,0,1,False,False
t1_mono_0018_anon,qwen2.5-3b,algorithm,2,True,False,False,2,2,0,False,False
t1_mono_0019_anon,qwen2.5-3b,algorithm,0,False,True,True,1,0,1,False,False
t1_mono_0019_anon,qwen2.5-3b,algorithm,1,True,False,False,2,2,0,True,False
t1_mono_0019_anon,qwen2.5-3b,algorithm,2,False,True,True,1,0,0,True,True
t2_defeas_0000_anon,qwen2.5-3b,algorithm,0,True,False,True,2,1,1,False,False
t2_defeas_0000_anon,qwen2.5-3b,algorithm,1,True,False,True,4,2,2,False,False
t2_defeas_0000_anon,qwen2.5-3b,algorithm,2,True,False,True,1,1,0,False,False
t2_defeas_0001_anon,qwen2.5-3b,algorithm,0,False,True,False,12,0,1,False,False
t2_defeas_0001_anon,qwen2.5-3b,algorithm,1,True,False,True,1,1,0,False,False
t2_defeas_0001_anon,qwen2.5-3b,algorithm,2,True,False,True,1,1,0,False,False
t2_defeas_0002_anon,qwen2.5-3b,algorithm,0,False,True,False,2,0,0,False,False
t2_defeas_0002_anon,qwen2.5-3b,algorithm,1,False,True,False,2,0,0,False,False
t2_defeas_0002_anon,qwen2.5-3b,algorithm,2,True,False,False,3,3,0,False,False
t2_defeas_0003_anon,qwen2.5-3b,algorithm,0,True,False,False,2,2,0,True,False
t2_defeas_0003_anon,qwen2.5-3b,algorithm,1,True,False,True,2,1,1,True,True
t2_defeas_0003_anon,qwen2.5-3b,algorithm,2,False,True,False,2,0,0,True,False
t2_defeas_0004_anon,qwen2.5-3b,algorithm,0,False,True,True,2,0,1,False,False
t2_defeas_0004_anon,qwen2.5-3b,algorithm,1,False,True,True,2,0,1,False,False
t2_defeas_0004_anon,qwen2.5-3b,algorithm,2,False,True,True,1,0,0,False,False
t2_defeas_0005_anon,qwen2.5-3b,algorithm,0,True,False,True,1,1,0,False,False
t2_defeas_0005_anon,qwen2.5-3b,algorithm,1,True,False,True,2,1,0,False,False
t2_defeas_0005_anon,qwen2.5-3b,algorithm,2,True,False,True,2,1,1,False,False
t2_defeas_0006_anon,qwen2.5-3b,algorithm,0,True,False,True,2,1,1,False,False
t2_defeas_0006_anon,qwen2.5-3b,algorithm,1,False,True,True,1,0,0,False,True
t2_defeas_0006_anon,qwen2.5-3b,algorithm,2,False,True,False,4,0,0,True,False
t2_defeas_0007_anon,qwen2.5-3b,algorithm,0,True,False,True,1,1,0,False,False
t2_defeas_0007_anon,qwen2.5-3b,algorithm,1,True,False,False,2,2,0,True,False
t2_defeas_0007_anon,qwen2.5-3b,algorithm,2,True,False,True,1,1,0,False,False
t2_defeas_0008_anon,qwen2.5-3b,algorithm,0,False,True,False,2,0,0,False,False
t2_defeas_0008_anon,qwen2.5-3b,algorithm,1,False,True,False,2,0,0,False,False
t2_defeas_0008_anon,qwen2.5-3b,algorithm,2,False,True,False,2,0,0,False,False
t2_defeas_0009_anon,qwen2.5-3b,algorithm,0,True,False,True,2,1,1,False,False
t2_defeas_0009_anon,qwen2.5-3b,algorithm,1,True,False,True,1,1,0,False,False
t2_defeas_0009_anon,qwen2.5-3b,algorithm,2,True,False,True,2,1,1,False,False
t2_defeas_0010_anon,qwen2.5-3b,algorithm,0,True,False,False,2,2,0,True,False
t2_defeas_0010_anon,qwen2.5-3b,algorithm,1,False,True,False,2,0,0,True,False
t2_defeas_0010_anon,qwen2.5-3b,algorithm,2,True,False,True,2,2,0,False,False
t2_defeas_0011_anon,qwen2.5-3b,algorithm,0,True,False,True,1,1,0,False,False
t2_defeas_0011_anon,qwen2.5-3b,algorithm,1,False,True,True,2,0,1,False,False
t2_defeas_0011_anon,qwen2.5-3b,algorithm,2,True,False,True,2,1,2,False,False
t2_defeas_0012_anon,qwen2.5-3b,algorithm,0,False,True,True,1,0,0,False,False
t2_defeas_0012_anon,qwen2.5-3b,algorithm,1,False,True,False,17,0,1,False,False
t2_defeas_0012_anon,qwen2.5-3b,algorithm,2,True,False,True,1,1,0,False,False
t2_defeas_0013_anon,qwen2.5-3b,algorithm,0,True,False,False,3,2,1,False,False
t2_defeas_0013_anon,qwen2.5-3b,algorithm,1,True,False,True,1,1,0,False,False
t2_defeas_0013_anon,qwen2.5-3b,algorithm,2,True,False,True,1,1,0,False,False
t2_defeas_0014_anon,qwen2.5-3b,algorithm,0,True,False,True,2,2,0,False,False
t2_defeas_0014_anon,qwen2.5-3b,algorithm,1,True,False,False,2,2,0,True,False
t2_defeas_0014_anon,qwen2.5-3b,algorithm,2,True,False,True,2,1,1,False,False
t2_defeas_0015_anon,qwen2.5-3b,algorithm,0,False,True,True,1,0,0,False,True
t2_defeas_0015_anon,qwen2.5-3b,algorithm,1,False,True,False,2,0,0,False,False
t2_defeas_0015_anon,qwen2.5-3b,algorithm,2,True,False,False,2,2,0,False,False
t2_defeas_0016_anon,qwen2.5-3b,algorithm,0,False,True,True,1,0,0,False,True
t2_defeas_0016_anon,qwen2.5-3b,algorithm,1,False,True,True,1,0,0,False,False
t2_defeas_0016_anon,qwen2.5-3b,algorithm,2,True,False,True,2,1,1,False,False
t2_defeas_0017_anon,qwen2.5-3b,algorithm,0,True,False,True,1,1,0,False,False
t2_defeas_0017_anon,qwen2.5-3b,algorithm,1,True,False,True,1,1,0,False,False
t2_defeas_0017_anon,qwen2.5-3b,algorithm,2,True,False,True,2,2,1,False,False
t2_defeas_0018_anon,qwen2.5-3b,algorithm,0,True,False,True,3,2,2,False,False
t2_defeas_0018_anon,qwen2.5-3b,algorithm,1,False,True,True,1,0,0,False,True
t2_defeas_0018_anon,qwen2.5-3b,algorithm,2,False,True,True,2,0,0,False,False
t2_defeas_0019_anon,qwen2.5-3b,algorithm,0,False,True,True,2,0,1,False,False
t2_defeas_0019_anon,qwen2.5-3b,algorithm,1,True,False,True,3,1,1,False,False
t2_defeas_0019_anon,qwen2.5-3b,algorithm,2,False,True,True,2,0,1,False,False
t3_noise_0000_anon,qwen2.5-3b,algorithm,0,False,True,True,1,0,0,False,False
t3_noise_0000_anon,qwen2.5-3b,algorithm,1,False,True,True,1,0,0,False,False
t3_noise_0000_anon,qwen2.5-3b,algorithm,2,False,True,True,1,0,0,False,False
t3_noise_0001_anon,qwen2.5-3b,algorithm,0,False,True,False,31,0,1,False,False
t3_noise_0001_anon,qwen2.5-3b,algorithm,1,False,True,True,1,0,0,False,False
t3_noise_0001_anon,qwen2.5-3b,algorithm,2,False,True,True,1,0,0,False,False
t3_noise_0002_anon,qwen2.5-3b,algorithm,0,False,True,False,27,0,1,False,False
t3_noise_0002_anon,qwen2.5-3b,algorithm,1,False,True,False,2,0,0,False,False
t3_noise_0002_anon,qwen2.5-3b,algorithm,2,False,True,True,2,0,0,False,False
t3_noise_0003_anon,qwen2.5-3b,algorithm,0,False,True,False,23,0,1,False,False
t3_noise_0003_anon,qwen2.5-3b,algorithm,1,False,True,False,2,0,0,False,False
t3_noise_0003_anon,qwen2.5-3b,algorithm,2,False,True,False,2,0,0,True,False
t3_noise_0004_anon,qwen2.5-3b,algorithm,0,False,True,False,2,0,0,True,False
t3_noise_0004_anon,qwen2.5-3b,algorithm,1,False,True,False,2,0,0,True,False
t3_noise_0004_anon,qwen2.5-3b,algorithm,2,False,True,False,4,0,0,False,False
t3_noise_0005_anon,qwen2.5-3b,algorithm,0,False,True,False,27,0,1,False,False
t3_noise_0005_anon,qwen2.5-3b,algorithm,1,False,True,False,27,0,1,False,False
t3_noise_0005_anon,qwen2.5-3b,algorithm,2,False,True,False,27,0,1,False,False
t3_noise_0006_anon,qwen2.5-3b,algorithm,0,False,True,True,1,0,0,False,False
t3_noise_0006_anon,qwen2.5-3b,algorithm,1,False,True,False,2,0,0,False,False
t3_noise_0006_anon,qwen2.5-3b,algorithm,2,False,True,False,28,0,1,False,False
t3_noise_0007_anon,qwen2.5-3b,algorithm,0,False,True,False,23,0,1,False,False
t3_noise_0007_anon,qwen2.5-3b,algorithm,1,False,True,False,2,0,0,False,False
t3_noise_0007_anon,qwen2.5-3b,algorithm,2,False,True,False,1,0,0,False,False
t3_noise_0008_anon,qwen2.5-3b,algorithm,0,True,False,False,3,3,0,False,True
t3_noise_0008_anon,qwen2.5-3b,algorithm,1,False,True,False,2,0,0,False,False
t3_noise_0008_anon,qwen2.5-3b,algorithm,2,False,True,False,2,0,0,False,False
t3_noise_0009_anon,qwen2.5-3b,algorithm,0,False,True,False,3,0,0,False,False
t3_noise_0009_anon,qwen2.5-3b,algorithm,1,True,False,True,1,1,0,False,False
t3_noise_0009_anon,qwen2.5-3b,algorithm,2,False,True,False,24,0,1,False,False
t3_noise_0010_anon,qwen2.5-3b,algorithm,0,True,False,False,2,2,0,False,False
t3_noise_0010_anon,qwen2.5-3b,algorithm,1,False,True,True,1,0,0,False,False
t3_noise_0010_anon,qwen2.5-3b,algorithm,2,True,False,False,2,2,0,False,False
t3_noise_0011_anon,qwen2.5-3b,algorithm,0,True,False,False,2,2,0,False,False
t3_noise_0011_anon,qwen2.5-3b,algorithm,1,False,True,False,2,0,0,False,False
t3_noise_0011_anon,qwen2.5-3b,algorithm,2,False,True,True,1,0,0,False,True
t3_noise_0012_anon,qwen2.5-3b,algorithm,0,False,True,False,2,0,0,False,False
t3_noise_0012_anon,qwen2.5-3b,algorithm,1,False,True,False,2,0,0,False,False
t3_noise_0012_anon,qwen2.5-3b,algorithm,2,True,False,True,1,1,0,False,False
t3_noise_0013_anon,qwen2.5-3b,algorithm,0,False,True,False,2,0,0,False,False
t3_noise_0013_anon,qwen2.5-3b,algorithm,1,False,True,True,1,0,0,False,False
t3_noise_0013_anon,qwen2.5-3b,algorithm,2,False,True,False,2,0,0,True,False
t3_noise_0014_anon,qwen2.5-3b,algorithm,0,False,True,False,2,0,0,True,False
t3_noise_0014_anon,qwen2.5-3b,algorithm,1,False,True,False,20,0,1,False,False
t3_noise_0014_anon,qwen2.5-3b,algorithm,2,False,True,False,2,0,0,False,False
t3_noise_0015_anon,qwen2.5-3b,algorithm,0,False,True,True,1,0,0,False,False
t3_noise_0015_anon,qwen2.5-3b,algorithm,1,True,False,False,3,1,0,False,False
t3_noise_0015_anon,qwen2.5-3b,algorithm,2,True,False,False,1,1,0,False,False
t3_noise_0016_anon,qwen2.5-3b,algorithm,0,False,True,True,1,0,0,False,False
t3_noise_0016_anon,qwen2.5-3b,algorithm,1,False,True,False,4,0,0,False,False
t3_noise_0016_anon,qwen2.5-3b,algorithm,2,False,True,False,25,0,1,False,False
t3_noise_0017_anon,qwen2.5-3b,algorithm,0,False,True,False,2,0,0,False,False
t3_noise_0017_anon,qwen2.5-3b,algorithm,1,False,True,False,2,0,0,False,False
t3_noise_0017_anon,qwen2.5-3b,algorithm,2,False,True,False,2,0,0,False,False
t3_noise_0018_anon,qwen2.5-3b,algorithm,0,True,False,False,5,5,0,False,False
t3_noise_0018_anon,qwen2.5-3b,algorithm,1,False,True,False,2,0,0,False,False
t3_noise_0018_anon,qwen2.5-3b,algorithm,2,False,True,True,1,0,0,False,False
t3_noise_0019_anon,qwen2.5-3b,algorithm,0,False,True,False,25,0,1,False,False
t3_noise_0019_anon,qwen2.5-3b,algorithm,1,False,True,False,25,0,1,False,False
t3_noise_0019_anon,qwen2.5-3b,algorithm,2,False,True,False,1,0,0,False,False
t4_domain_0000_anon,qwen2.5-3b,algorithm,1,False,True,False,3,0,0,False,False
t4_domain_0000_anon,qwen2.5-3b,algorithm,2,False,True,False,24,0,1,False,False
t4_domain_0001_anon,qwen2.5-3b,algorithm,0,False,True,False,20,0,1,False,False
t4_domain_0001_anon,qwen2.5-3b,algorithm,1,False,True,True,1,0,0,False,True
t4_domain_0001_anon,qwen2.5-3b,algorithm,2,False,True,True,1,0,0,False,True
t4_domain_0002_anon,qwen2.5-3b,algorithm,0,False,True,False,22,0,1,False,False
t4_domain_0002_anon,qwen2.5-3b,algorithm,1,False,True,False,22,0,1,False,False
t4_domain_0002_anon,qwen2.5-3b,algorithm,2,False,True,True,1,0,0,False,False
t4_domain_0003_anon,qwen2.5-3b,algorithm,0,True,False,True,2,2,2,False,True
t4_domain_0003_anon,qwen2.5-3b,algorithm,1,False,True,True,1,0,0,False,False
t4_domain_0003_anon,qwen2.5-3b,algorithm,2,False,True,True,1,0,0,False,True
t4_domain_0004_anon,qwen2.5-3b,algorithm,0,True,False,True,2,1,1,False,False
t4_domain_0004_anon,qwen2.5-3b,algorithm,1,True,False,True,2,1,0,False,False
t4_domain_0004_anon,qwen2.5-3b,algorithm,2,False,True,True,2,0,1,False,False
t4_domain_0005_anon,qwen2.5-3b,algorithm,0,False,True,False,17,0,1,False,False
t4_domain_0005_anon,qwen2.5-3b,algorithm,1,False,True,False,17,0,1,False,False
t4_domain_0005_anon,qwen2.5-3b,algorithm,2,False,True,False,17,0,1,False,False
t4_domain_0006_anon,qwen2.5-3b,algorithm,0,False,True,True,1,0,0,False,True
t4_domain_0006_anon,qwen2.5-3b,algorithm,1,False,True,True,2,0,1,False,False
t4_domain_0006_anon,qwen2.5-3b,algorithm,2,False,True,True,1,0,0,False,True
t4_domain_0007_anon,qwen2.5-3b,algorithm,0,False,True,True,1,0,0,False,False
t4_domain_0007_anon,qwen2.5-3b,algorithm,1,False,True,True,2,0,1,False,True
t4_domain_0007_anon,qwen2.5-3b,algorithm,2,False,True,True,1,0,0,False,False
t4_domain_0008_anon,qwen2.5-3b,algorithm,0,True,False,False,7,3,4,False,False
t4_domain_0008_anon,qwen2.5-3b,algorithm,1,False,True,False,3,0,0,True,False
t4_domain_0008_anon,qwen2.5-3b,algorithm,2,True,False,False,6,3,0,True,False
t4_domain_0009_anon,qwen2.5-3b,algorithm,0,False,True,True,1,0,0,False,True
t4_domain_0009_anon,qwen2.5-3b,algorithm,1,False,True,True,2,0,1,False,False
t4_domain_0009_anon,qwen2.5-3b,algorithm,2,False,True,True,1,0,0,False,False
t4_domain_0010_anon,qwen2.5-3b,algorithm,0,True,False,True,2,1,1,True,True
t4_domain_0010_anon,qwen2.5-3b,algorithm,1,False,True,True,2,0,1,False,True
t4_domain_0010_anon,qwen2.5-3b,algorithm,2,False,True,True,1,0,0,False,True
t4_domain_0011_anon,qwen2.5-3b,algorithm,0,False,True,False,26,0,1,False,False
t4_domain_0011_anon,qwen2.5-3b,algorithm,1,False,True,False,26,0,1,False,False
t4_domain_0011_anon,qwen2.5-3b,algorithm,2,False,True,False,26,0,1,False,False
t4_domain_0012_anon,qwen2.5-3b,algorithm,0,False,True,True,1,0,0,False,True
t4_domain_0012_anon,qwen2.5-3b,algorithm,1,False,True,True,1,0,0,False,False
t4_domain_0013_anon,qwen2.5-3b,algorithm,0,False,True,False,17,0,1,False,False
t4_domain_0013_anon,qwen2.5-3b,algorithm,1,False,True,True,2,0,1,False,True
t4_domain_0013_anon,qwen2.5-3b,algorithm,2,False,True,True,1,0,0,False,False
t4_domain_0014_anon,qwen2.5-3b,algorithm,0,False,True,True,1,0,0,False,True
t4_domain_0014_anon,qwen2.5-3b,algorithm,1,False,True,True,1,0,0,False,True
t4_domain_0014_anon,qwen2.5-3b,algorithm,2,False,True,False,19,0,1,False,False
t4_domain_0015_anon,qwen2.5-3b,algorithm,0,False,True,False,22,0,1,False,False
t4_domain_0015_anon,qwen2.5-3b,algorithm,1,True,False,True,1,1,1,False,False
t4_domain_0015_anon,qwen2.5-3b,algorithm,2,False,True,True,1,0,0,False,True
t4_domain_0016_anon,qwen2.5-3b,algorithm,0,False,True,True,1,0,0,False,True
t4_domain_0016_anon,qwen2.5-3b,algorithm,1,False,True,True,1,0,0,False,True
t4_domain_0016_anon,qwen2.5-3b,algorithm,2,False,True,True,1,0,0,False,False
t4_domain_0017_anon,qwen2.5-3b,algorithm,0,True,False,True,2,2,1,False,False
t4_domain_0017_anon,qwen2.5-3b,algorithm,1,True,False,True,2,2,1,False,False
t4_domain_0017_anon,qwen2.5-3b,algorithm,2,True,False,True,1,1,1,False,False
t4_domain_0018_anon,qwen2.5-3b,algorithm,0,False,True,True,1,0,0,False,True
t4_domain_0018_anon,qwen2.5-3b,algorithm,1,False,True,True,2,0,1,False,True
t4_domain_0018_anon,qwen2.5-3b,algorithm,2,False,True,True,2,0,1,False,False
t4_domain_0019_anon,qwen2.5-3b,algorithm,0,False,True,False,20,0,1,False,False
t4_domain_0019_anon,qwen2.5-3b,algorithm,1,True,False,True,2,1,1,False,False
t4_domain_0019_anon,qwen2.5-3b,algorithm,2,False,True,True,1,0,0,False,True
t5_twopath_0000_anon,qwen2.5-3b,algorithm,0,False,True,False,5,0,0,True,False
t5_twopath_0000_anon,qwen2.5-3b,algorithm,1,False,True,False,3,0,0,False,False
t5_twopath_0000_anon,qwen2.5-3b,algorithm,2,False,True,False,3,0,0,False,False
t5_twopath_0001_anon,qwen2.5-3b,algorithm,0,True,False,False,3,3,0,True,False
t5_twopath_0001_anon,qwen2.5-3b,algorithm,1,True,False,False,3,3,0,False,False
t5_twopath_0001_anon,qwen2.5-3b,algorithm,2,True,False,False,3,3,0,False,False
t5_twopath_0002_anon,qwen2.5-3b,algorithm,0,True,False,False,5,5,0,False,False
t5_twopath_0002_anon,qwen2.5-3b,algorithm,1,True,False,False,4,3,0,False,False
t5_twopath_0002_anon,qwen2.5-3b,algorithm,2,False,True,True,1,0,0,False,True
t5_twopath_0003_anon,qwen2.5-3b,algorithm,0,False,True,False,3,0,0,True,False
t5_twopath_0003_anon,qwen2.5-3b,algorithm,1,True,False,False,3,3,0,True,False
t5_twopath_0003_anon,qwen2.5-3b,algorithm,2,False,True,False,3,0,0,False,False
t5_twopath_0004_anon,qwen2.5-3b,algorithm,0,False,True,False,3,0,0,True,False
t5_twopath_0004_anon,qwen2.5-3b,algorithm,1,False,True,False,12,0,2,False,False
t5_twopath_0004_anon,qwen2.5-3b,algorithm,2,True,False,False,6,6,0,False,False
t5_twopath_0005_anon,qwen2.5-3b,algorithm,0,True,False,False,3,3,0,False,False
t5_twopath_0005_anon,qwen2.5-3b,algorithm,1,False,True,False,3,0,0,False,False
t5_twopath_0005_anon,qwen2.5-3b,algorithm,2,False,True,False,7,0,0,False,False
t5_twopath_0006_anon,qwen2.5-3b,algorithm,0,False,True,False,12,0,2,False,False
t5_twopath_0006_anon,qwen2.5-3b,algorithm,1,True,False,False,3,3,0,False,False
t5_twopath_0006_anon,qwen2.5-3b,algorithm,2,True,False,False,3,3,0,False,False
t5_twopath_0007_anon,qwen2.5-3b,algorithm,0,False,True,False,3,0,0,False,False
t5_twopath_0007_anon,qwen2.5-3b,algorithm,1,False,True,False,3,0,0,False,False
t5_twopath_0007_anon,qwen2.5-3b,algorithm,2,False,True,False,3,0,0,False,False
t5_twopath_0008_anon,qwen2.5-3b,algorithm,0,False,True,False,3,0,0,False,False
t5_twopath_0008_anon,qwen2.5-3b,algorithm,1,True,False,True,2,2,0,True,True
t5_twopath_0008_anon,qwen2.5-3b,algorithm,2,False,True,False,12,0,2,False,False
t5_twopath_0009_anon,qwen2.5-3b,algorithm,0,True,False,True,1,1,0,False,False
t5_twopath_0009_anon,qwen2.5-3b,algorithm,1,False,True,True,1,0,0,False,False
t5_twopath_0010_anon,qwen2.5-3b,algorithm,0,False,True,False,3,0,0,False,False
t5_twopath_0010_anon,qwen2.5-3b,algorithm,1,True,False,True,1,1,0,False,True
t5_twopath_0010_anon,qwen2.5-3b,algorithm,2,False,True,True,1,0,0,False,False
t5_twopath_0011_anon,qwen2.5-3b,algorithm,0,False,True,False,3,0,0,False,False
t5_twopath_0011_anon,qwen2.5-3b,algorithm,1,True,False,True,1,1,0,False,True
t5_twopath_0011_anon,qwen2.5-3b,algorithm,2,False,True,False,12,0,2,False,False
t5_twopath_0012_anon,qwen2.5-3b,algorithm,0,False,True,False,3,0,0,False,False
t5_twopath_0012_anon,qwen2.5-3b,algorithm,1,True,False,False,3,3,0,True,False
t5_twopath_0012_anon,qwen2.5-3b,algorithm,2,True,False,False,3,3,0,False,False
t5_twopath_0013_anon,qwen2.5-3b,algorithm,0,True,False,True,1,1,0,False,False
t5_twopath_0013_anon,qwen2.5-3b,algorithm,1,True,False,False,3,3,0,False,False
t5_twopath_0013_anon,qwen2.5-3b,algorithm,2,False,True,False,12,0,2,False,False
t5_twopath_0014_anon,qwen2.5-3b,algorithm,0,True,False,False,4,4,0,False,False
t5_twopath_0014_anon,qwen2.5-3b,algorithm,1,True,False,False,6,3,0,False,False
t5_twopath_0014_anon,qwen2.5-3b,algorithm,2,False,True,False,12,0,2,False,False
t5_twopath_0015_anon,qwen2.5-3b,algorithm,0,True,False,False,15,1,0,False,False
t5_twopath_0015_anon,qwen2.5-3b,algorithm,1,False,True,False,3,0,0,False,False
t5_twopath_0015_anon,qwen2.5-3b,algorithm,2,True,False,False,3,3,0,False,False
t5_twopath_0016_anon,qwen2.5-3b,algorithm,0,False,True,True,1,0,0,False,False
t5_twopath_0016_anon,qwen2.5-3b,algorithm,1,False,True,False,3,0,0,False,False
t5_twopath_0016_anon,qwen2.5-3b,algorithm,2,False,True,False,12,0,2,False,False
t5_twopath_0017_anon,qwen2.5-3b,algorithm,0,False,True,False,1,0,0,False,False
t5_twopath_0017_anon,qwen2.5-3b,algorithm,1,True,False,True,3,3,0,False,False
t5_twopath_0017_anon,qwen2.5-3b,algorithm,2,True,False,False,3,3,0,False,False
t5_twopath_0018_anon,qwen2.5-3b,algorithm,0,False,True,True,1,0,0,False,False
t5_twopath_0018_anon,qwen2.5-3b,algorithm,1,True,False,True,2,2,0,False,False
t5_twopath_0018_anon,qwen2.5-3b,algorithm,2,True,False,False,3,1,0,True,False
t5_twopath_0019_anon,qwen2.5-3b,algorithm,0,True,False,True,1,1,0,False,False
t5_twopath_0019_anon,qwen2.5-3b,algorithm,1,False,True,False,3,0,0,False,False
t5_twopath_0019_anon,qwen2.5-3b,algorithm,2,True,False,False,3,3,0,False,False
